LONGNUM,LATNUM,value,size,n_women,cluster_id
18.22679185,-1.543185872,0.1538461538461538,456.25,13.0,1
20.79229693,-6.419753497,0.06666666666666668,600.0,15.0,2
19.58104536,-4.981956007,0.07142857142857141,528.125,14.0,3
15.06141125,-5.455590604,0.125,96.875,8.0,4
29.11033469,-3.365125231,0.16666666666666669,384.375,12.0,5
23.47798695,-10.27621601,0.0,528.125,14.0,6
26.93301588,-6.043548458,0.0,456.25,13.0,7
24.05994863,1.741765088,0.3333333333333333,384.375,12.0,8
25.92706571,-3.92067245,0.2222222222222222,168.75,9.0,9
30.94467687,2.318920021,0.10000000000000002,240.625,10.0,10
19.11454974,-3.802397495,0.0,312.5,11.0,11
25.70360679,-8.914075678,0.0909090909090909,312.5,11.0,12
25.89175389,-8.600499515,0.08333333333333333,384.375,12.0,13
29.76111835,-7.392493193,0.0,168.75,9.0,14
15.37505794,-4.367322973,0.0,456.25,13.0,15
20.85569099,2.649209258,0.23076923076923078,456.25,13.0,16
21.39056859,-4.007804876,0.0769230769230769,456.25,13.0,17
19.98659456,-1.552096565,0.21428571428571433,528.125,14.0,18
24.84332092,-3.978399786,0.1111111111111111,168.75,9.0,19
26.91945036,-5.363976402,0.09090909090909091,312.5,11.0,20
28.27749859,2.214183945,0.0,240.625,10.0,21
25.85693348,-9.196588191,0.0,384.375,12.0,22
20.14690361,4.283774368,0.0,240.625,10.0,23
28.84149273,-4.24153126,0.21428571428571425,528.125,14.0,24
20.81255095,-5.858582154,0.09999999999999999,240.625,10.0,25
18.54147767,-7.870300151,0.2222222222222222,168.75,9.0,26
25.58618841,-7.37670943,0.09999999999999999,240.625,10.0,27
23.46118497,-6.625288094,0.09999999999999999,240.625,10.0,28
19.79763271,1.236245283,0.0,384.375,12.0,29
29.31777283,0.120441194,0.0,600.0,16.0,30
26.10689066,-2.451921997,0.09090909090909093,312.5,11.0,31
17.47945857,-6.830237092,0.0769230769230769,456.25,13.0,32
22.83599547,0.206249861,0.09090909090909091,312.5,11.0,33
22.74441013,-8.08566,0.19999999999999998,240.625,10.0,34
25.21285634,0.515580924,0.0,528.125,14.0,35
16.23504056,-2.165854066,0.0,384.375,12.0,36
19.68035599,-2.927382071,0.1111111111111111,168.75,9.0,37
25.41313144,-0.351919546,0.0,384.375,12.0,38
16.79435191,-4.868509261,0.0,240.625,10.0,39
22.70690097,-9.757259085,0.08333333333333333,384.375,12.0,40
22.90992975,-5.391041221,0.0,312.5,11.0,41
16.30276191,-3.018548428,0.33333333333333337,384.375,12.0,42
17.5244401,-4.285927902,0.09999999999999999,240.625,10.0,43
22.22391338,-0.631749055,0.30769230769230765,456.25,13.0,44
21.52351025,2.519281246,0.21428571428571425,528.125,14.0,45
15.42231786,-4.416663824,0.0,312.5,11.0,46
24.36153885,-7.919710725,0.0,25.0,5.0,47
29.2959649,0.085793814,0.0,96.875,8.0,48
28.04623273,-1.360603221,0.10000000000000002,240.625,10.0,49
19.88255381,1.067605447,0.0,528.125,14.0,50
15.49450018,-4.865330514,0.19999999999999998,240.625,10.0,51
31.06967883,2.13850291,0.0,312.5,11.0,52
21.73756067,2.308840129,0.10000000000000002,240.625,10.0,53
28.63337488,-2.07360202,0.2857142857142857,25.0,7.0,54
25.45978842,-8.148601624,0.14285714285714288,528.125,14.0,55
17.69580196,-4.230572935,0.0,384.375,12.0,56
20.81179097,-5.413116622,0.0,240.625,10.0,57
22.73743462,4.229149441,0.3846153846153845,456.25,13.0,58
21.21963531,-6.851497351,0.06666666666666668,600.0,15.0,59
19.86821143,4.851609783,0.16666666666666669,25.0,6.0,60
29.71746419,-12.226984,0.0,96.875,8.0,61
27.03110706,-5.083155414,0.07692307692307691,456.25,13.0,62
25.64729896,-7.04957974,0.09090909090909091,312.5,11.0,63
23.65988174,-6.510475283,0.0,25.0,5.0,64
23.48813893,-6.116133995,0.1666666666666667,384.375,12.0,65
17.58373881,-4.918590011,0.25,96.875,8.0,66
23.50922327,1.213970078,0.30769230769230765,456.25,13.0,67
15.4260037,-5.79857867,0.0,384.375,12.0,68
26.55601147,-7.971935952,0.0909090909090909,312.5,11.0,69
22.49440191,3.963677556,0.07692307692307691,456.25,13.0,70
24.05474808,3.467589319,0.14285714285714285,25.0,7.0,71
17.6695134,-2.712555572,0.08333333333333334,384.375,12.0,72
16.38181756,-5.276314804,0.1,240.625,10.0,73
18.70777888,-1.137735285,0.0,25.0,7.0,74
19.84006059,-0.768511462,0.2307692307692308,456.25,13.0,75
15.23646283,-4.428785403,0.0,240.625,10.0,76
22.99735697,-2.896235812,0.1,240.625,10.0,77
29.46214485,0.502193592,0.0,240.625,10.0,78
30.90159688,2.163194086,0.0,456.25,13.0,79
26.96861115,-9.816689028,0.0,456.25,13.0,80
28.6967021,-1.541498227,0.16666666666666669,384.375,12.0,81
18.98354889,-4.738273051,0.1111111111111111,168.75,9.0,82
28.01365099,-6.812478045,0.15384615384615385,456.25,13.0,83
28.37489779,3.879764897,0.39999999999999997,25.0,5.0,84
26.03607093,-8.952379595,0.0,456.25,13.0,85
21.60889295,-7.116499781,0.26666666666666666,600.0,15.0,86
18.82201109,-5.054202861,0.0,168.75,9.0,87
23.36032027,-3.67528772,0.18181818181818185,312.5,11.0,88
28.72421231,-2.848308778,0.07692307692307694,456.25,13.0,89
25.46970219,-10.92388334,0.0625,600.0,16.0,90
25.71412339,-10.63725194,0.0666666666666667,600.0,15.0,91
29.41136213,0.111098995,0.07692307692307691,456.25,13.0,92
19.91557241,2.388583255,0.33333333333333337,168.75,9.0,93
16.80964132,-6.476046048,0.0,312.5,11.0,94
14.68671391,-5.502555417,0.09999999999999999,240.625,10.0,95
28.01511165,-9.672120188,0.1,240.625,10.0,96
23.08920544,2.527815094,0.0,240.625,10.0,97
27.54728524,4.729445842,0.22222222222222224,168.75,9.0,98
18.67465408,-0.171875401,0.0,96.875,8.0,99
21.26192564,-5.6117633,0.25,96.875,8.0,100
19.3141929,2.448924285,0.0,600.0,15.0,101
19.59451647,-4.064446272,0.0,25.0,7.0,102
29.23879412,3.037164389,0.25,96.875,8.0,103
26.40899103,-10.51112313,0.11764705882352941,600.0,17.0,104
30.18181775,1.705256026,0.1,240.625,10.0,105
18.6063414,-2.540707858,0.09999999999999999,240.625,10.0,106
29.28477431,-0.224542005,0.0,312.5,11.0,107
15.50019497,-4.36950901,0.06666666666666665,600.0,15.0,108
19.16523766,-4.379374431,0.09999999999999999,240.625,10.0,109
29.1943761,-1.641230826,0.07142857142857144,528.125,14.0,110
24.00200942,-4.067904361,0.0,456.25,13.0,111
23.6272969,-6.160351991,0.0,312.5,11.0,112
18.85193291,-4.432436853,0.11111111111111112,168.75,9.0,113
19.85411121,-5.696828951,0.15384615384615383,456.25,13.0,114
23.62826642,-6.122832,0.25,96.875,8.0,115
26.45030795,-1.47449923,0.0,384.375,12.0,116
25.64985407,3.908777164,0.39999999999999997,240.625,10.0,117
23.17008252,4.658785479,0.19999999999999998,240.625,10.0,118
25.34943049,-9.635175433,0.2857142857142857,528.125,14.0,119
17.88290325,-6.117112633,0.0,456.25,13.0,120
16.96898703,-4.742405618,0.1333333333333333,600.0,15.0,121
23.95898575,4.507608051,0.30000000000000004,240.625,10.0,122
19.49389299,3.989087822,0.15384615384615383,456.25,13.0,123
29.52934347,0.640398681,0.0,312.5,11.0,124
23.84612459,-2.857753077,0.0,96.875,8.0,125
13.4687347,-5.838450564,0.0,240.625,10.0,126
27.32116386,-8.352444163,0.0,528.125,14.0,127
30.22801418,2.137549133,0.0,168.75,9.0,128
15.07049323,-5.141817226,0.0,96.875,8.0,129
22.9339913,-2.259341384,0.1111111111111111,168.75,9.0,130
27.55593298,-7.669955873,0.0,96.875,8.0,131
23.2373554,-5.241961451,0.07692307692307693,456.25,13.0,132
27.59338109,-3.535292201,0.0,96.875,8.0,133
24.33445432,-10.48778772,0.11111111111111112,168.75,9.0,134
15.27621675,-4.359867354,0.0,168.75,9.0,135
23.81889075,-7.1092434,0.07692307692307691,456.25,13.0,136
25.9194415,-9.783310585,0.0625,600.0,16.0,137
20.52270322,3.078716839,0.20000000000000007,600.0,15.0,138
23.71444582,-7.183218327,0.19999999999999998,240.625,10.0,139
23.70387508,-6.39582672,0.0,312.5,11.0,140
15.32921011,-4.408923178,0.0,25.0,7.0,141
24.85255088,-6.007437037,0.07692307692307694,456.25,13.0,142
21.91762759,1.214395144,0.16666666666666669,384.375,12.0,143
30.84914243,2.939718813,0.0,312.5,11.0,144
22.7698107,-0.798729953,0.1666666666666667,384.375,12.0,145
20.10019246,3.201091751,0.08333333333333333,384.375,12.0,146
28.99133841,-0.263022616,0.0,25.0,5.0,147
23.45830368,-5.091853368,0.3076923076923077,456.25,13.0,148
24.88549915,-3.669887064,0.25,96.875,8.0,149
24.32413177,0.157663345,0.2666666666666666,600.0,15.0,150
19.07014749,-1.207756697,0.0,312.5,11.0,152
26.92090815,-7.81429024,0.28571428571428575,25.0,7.0,153
27.84626193,-7.459642003,0.0,240.625,10.0,154
29.95639578,1.340668894,0.11111111111111112,168.75,9.0,155
25.48515259,-10.70247591,0.0,456.25,13.0,156
15.42438576,-4.410236601,0.09999999999999999,240.625,10.0,157
17.09848018,-5.025482442,0.07692307692307693,456.25,13.0,158
25.49228786,-1.270055792,0.0,168.75,9.0,159
24.1574606,-6.444953217,0.0,384.375,12.0,160
19.77723414,3.250374586,0.08333333333333334,384.375,12.0,161
28.56572733,3.618056545,0.25,96.875,8.0,162
29.23008108,-1.661807649,0.0,240.625,10.0,163
20.55801075,2.36317574,0.0625,600.0,16.0,164
17.97613472,-3.725421279,0.0,168.75,9.0,165
17.77672741,-7.54654959,0.07692307692307694,456.25,13.0,166
15.34467645,-4.389954433,0.0,96.875,8.0,167
15.38225969,-4.427258787,0.15384615384615385,456.25,13.0,168
15.36321448,-4.370325276,0.0,168.75,9.0,169
27.14375009,-4.676874661,0.07142857142857142,528.125,14.0,170
19.22886702,2.802905976,0.0,384.375,12.0,171
17.641091,-3.143278993,0.08333333333333331,384.375,12.0,172
16.80714228,-6.082693138,0.14285714285714288,25.0,7.0,173
27.52116589,-11.63676241,0.09090909090909091,312.5,11.0,174
26.80429841,-7.581904311,0.1666666666666667,384.375,12.0,175
23.44701253,0.315817785,0.0,96.875,8.0,176
29.14272539,-3.123397163,0.16666666666666669,384.375,12.0,177
23.18084411,-3.652053484,0.3571428571428571,528.125,14.0,178
20.16350676,3.305212768,0.43750000000000006,600.0,16.0,179
15.41158492,-5.06411317,0.16666666666666666,25.0,6.0,180
28.56287064,3.594950325,0.0909090909090909,312.5,11.0,181
26.87814591,-10.99719019,0.0,25.0,7.0,182
21.67206293,4.155268588,0.125,600.0,16.0,183
20.88244068,-7.079819196,0.0,312.5,11.0,184
18.41196674,-0.607882214,0.19999999999999998,240.625,10.0,185
30.6869832,3.178124042,0.0,240.625,10.0,186
15.40176682,-4.393138732,0.07692307692307694,456.25,13.0,187
28.35837447,2.614936749,0.09999999999999999,240.625,10.0,188
23.56361458,-6.150033366,0.0,240.625,10.0,189
17.65481767,-3.610493627,0.07692307692307693,456.25,13.0,190
14.17132567,-5.754416596,0.0,384.375,12.0,191
28.97370576,-1.644847035,0.1818181818181818,312.5,11.0,192
18.68161476,3.359146853,0.06666666666666667,600.0,15.0,193
24.4275265,-5.124401743,0.07692307692307691,456.25,13.0,194
19.32927707,-2.55867673,0.0,456.25,13.0,195
15.28411817,-4.348061639,0.0,25.0,5.0,196
21.55922842,-6.569617392,0.23076923076923078,456.25,13.0,197
23.96427454,0.800744219,0.0,312.5,11.0,198
23.5877072,-7.789532836,0.25,384.375,12.0,199
20.8806506,3.325108669,0.09999999999999999,240.625,10.0,200
18.11962266,-3.236156853,0.125,96.875,8.0,201
30.25731094,3.670798054,0.5,25.0,2.0,202
23.51705727,-6.637374522,0.14285714285714288,25.0,7.0,203
29.15891823,0.166336375,0.0,168.75,9.0,204
18.52665972,2.755677841,0.1,240.625,10.0,205
15.36591714,-4.414684582,0.0,168.75,9.0,206
27.89534325,3.707546791,0.19999999999999998,25.0,5.0,207
23.12390638,-5.412472865,0.15384615384615385,456.25,13.0,208
16.20981301,-3.189765256,0.23076923076923075,456.25,13.0,209
17.6952016,-4.559839892,0.0,168.75,9.0,210
26.34145835,-7.940257552,0.0,312.5,11.0,211
22.48970422,-10.55289339,0.14285714285714288,528.125,14.0,212
23.82786042,-6.614299645,0.0,240.625,10.0,213
21.06301978,1.513098832,0.1666666666666667,384.375,12.0,214
27.3640741,2.728156253,0.1111111111111111,168.75,9.0,215
15.34578397,-4.42997665,0.0,456.25,13.0,216
30.10551715,1.62234348,0.0,25.0,5.0,217
23.61529734,-4.967001888,0.2727272727272727,312.5,11.0,218
23.47293123,-1.699759584,0.0,312.5,11.0,219
25.14692529,0.532820804,0.0,312.5,11.0,220
25.89515333,-3.24762733,0.3333333333333333,384.375,12.0,221
20.63681075,0.022112749,0.09090909090909091,312.5,11.0,222
15.32616358,-4.345835213,0.0,168.75,9.0,223
24.38580137,1.714224553,0.14285714285714285,528.125,14.0,224
18.26635721,0.044673402,0.11111111111111112,168.75,9.0,225
25.85503148,-9.198391207,0.16666666666666666,384.375,12.0,226
28.27691498,-3.052608601,0.18181818181818182,312.5,11.0,227
29.15866567,-0.828757698,0.0,25.0,6.0,228
23.42578325,-4.964434063,0.33333333333333337,168.75,9.0,229
22.02102418,-6.574862346,0.0,312.5,11.0,230
23.07272858,-5.779536728,0.30769230769230765,456.25,13.0,231
19.39323124,2.890844823,0.3333333333333333,25.0,6.0,232
29.20187635,-0.247481786,0.0,312.5,11.0,233
29.72548278,-7.075898032,0.0,96.875,8.0,234
19.98709266,4.257285762,0.0,25.0,6.0,235
25.91206545,-2.933042562,0.10000000000000002,240.625,10.0,236
23.7846279,-6.815822967,0.1111111111111111,168.75,9.0,237
17.41319549,-6.921865051,0.07142857142857144,528.125,14.0,238
28.58050573,-9.649045047,0.07142857142857144,528.125,14.0,239
26.76749534,-8.030020069,0.2,240.625,10.0,240
27.4816136,-11.69736109,0.0909090909090909,312.5,11.0,241
27.46370143,-11.70745194,0.125,96.875,8.0,242
23.69113653,-7.905646661,0.08333333333333331,384.375,12.0,243
20.13487454,3.687894039,0.3571428571428571,528.125,14.0,244
25.12347551,-6.123375797,0.08333333333333333,384.375,12.0,245
24.97984618,-8.731183306,0.0,456.25,13.0,246
21.62693943,-0.488470981,0.21428571428571427,528.125,14.0,247
19.94563488,-4.646981545,0.0,600.0,15.0,248
27.16354629,-2.889797164,0.0,384.375,12.0,249
12.95098411,-5.00808605,0.0,384.375,12.0,250
22.62911334,-9.154768885,0.0,312.5,11.0,251
26.44576764,-4.026820328,0.19999999999999998,240.625,10.0,252
19.01743627,-7.820394315,0.0,384.375,12.0,253
30.23653751,1.553550311,0.16666666666666669,25.0,6.0,254
23.73570193,-6.24456319,0.08333333333333333,384.375,12.0,255
18.22805176,-0.000219031,0.1,240.625,10.0,256
23.86799944,3.373764231,0.0,240.625,10.0,257
23.62013915,-6.118255571,0.0,528.125,14.0,258
29.06967137,-1.936208514,0.16666666666666666,384.375,12.0,259
23.22811516,-6.793774492,0.22222222222222224,168.75,9.0,260
19.25982122,-0.61703873,0.25,96.875,8.0,261
27.97556591,-4.564351725,0.3076923076923077,456.25,13.0,262
25.04999383,-6.218405155,0.09090909090909093,312.5,11.0,263
18.72481885,-1.503885769,0.07142857142857142,528.125,14.0,264
22.13826849,2.54139474,0.3,240.625,10.0,265
29.78664213,0.891643842,0.13333333333333333,600.0,15.0,266
17.16019804,-1.199863102,0.06666666666666667,600.0,15.0,267
27.38596317,-11.47845649,0.125,600.0,16.0,268
29.25853631,-6.120672096,0.15384615384615383,456.25,13.0,269
22.1646158,-5.132672441,0.16666666666666666,384.375,12.0,270
27.6107667,-7.162054082,0.0,456.25,13.0,271
22.80106559,0.175168641,0.125,96.875,8.0,272
27.60418402,2.772297969,0.3333333333333333,168.75,9.0,273
19.31925348,-5.72957517,0.0,25.0,7.0,274
26.69334975,-7.18320535,0.08333333333333333,384.375,12.0,275
22.20564314,-6.871900455,0.0,312.5,11.0,276
29.82040267,4.014058164,0.4,25.0,5.0,277
23.68232862,-6.030078861,0.0,312.5,11.0,278
24.59642094,-6.440334842,0.0,25.0,7.0,279
20.59305467,-4.329302299,0.0,528.125,14.0,280
24.77498422,-5.031318774,0.1,240.625,10.0,281
21.41753932,-6.197899608,0.0,240.625,10.0,282
18.2506802,0.034439759,0.08333333333333331,384.375,12.0,283
20.80502845,-4.014700463,0.0,384.375,12.0,284
23.83563641,-6.70448941,0.1,240.625,10.0,285
30.58390708,3.150299738,0.08333333333333331,384.375,12.0,286
16.65004067,-5.309971553,0.0,384.375,12.0,287
27.07995497,-4.85290331,0.11111111111111112,168.75,9.0,288
27.47190299,-11.71122372,0.0,312.5,11.0,289
24.12650901,-10.43882177,0.0,456.25,13.0,290
19.31839271,2.550483289,0.0666666666666667,600.0,15.0,291
22.20869724,3.291826414,0.0,456.25,13.0,292
15.34867852,-4.411902709,0.09090909090909091,312.5,11.0,293
27.52961879,-11.6379208,0.0,25.0,6.0,294
22.55297109,3.994663531,0.07142857142857144,528.125,14.0,295
25.8345792,4.031010548,0.10000000000000002,240.625,10.0,296
28.69849345,-1.785154386,0.0,528.125,14.0,297
19.65549477,-5.013142821,0.1333333333333333,600.0,15.0,298
12.95133843,-5.270355021,0.0,240.625,10.0,299
22.40959998,-8.277620676,0.25000000000000006,384.375,12.0,300
19.98988373,-5.306876303,0.1,240.625,10.0,301
18.23874467,0.042497346,0.0,384.375,12.0,302
20.2284492,0.992808493,0.1,240.625,10.0,303
26.36091868,-3.681929594,0.5,384.375,12.0,304
20.84462153,-7.187226057,0.0,384.375,12.0,305
26.93948727,-8.198282172,0.0,456.25,13.0,306
23.69091226,-6.151807009,0.125,96.875,8.0,307
23.47918913,-7.000967089,0.11111111111111112,168.75,9.0,308
25.38334167,-10.75737274,0.2727272727272727,312.5,11.0,309
28.37756564,-1.734515183,0.0,312.5,11.0,310
15.31139051,-4.390229267,0.0,312.5,11.0,311
18.31857361,-3.233191353,0.0,96.875,8.0,312
22.54578314,-5.755267337,0.16666666666666666,384.375,12.0,313
20.54162264,1.3656818,0.14285714285714288,25.0,7.0,314
19.20457966,-7.27732463,0.0,384.375,12.0,315
18.86885955,-3.276571568,0.08333333333333331,384.375,12.0,316
26.61935831,-2.594399315,0.0,240.625,10.0,317
20.49976092,2.231829644,0.2727272727272727,312.5,11.0,318
28.51464319,-2.955010876,0.18181818181818182,312.5,11.0,319
25.22453332,0.902336689,0.0,240.625,10.0,320
30.83614446,2.078863019,0.4,240.625,10.0,321
26.25380074,-6.694027322,0.0,240.625,10.0,322
19.93879767,2.391845342,0.21428571428571433,528.125,14.0,323
29.54784468,3.047166523,0.0,25.0,7.0,324
24.47866187,-6.148456079,0.0,25.0,7.0,325
13.04382492,-5.834491768,0.0,25.0,7.0,326
19.69536037,2.643898141,0.5,528.125,14.0,327
22.4660071,2.194577848,0.0,456.25,13.0,328
20.45524001,0.158942745,0.0,384.375,12.0,329
28.82569167,-2.800956548,0.0,384.375,12.0,330
29.28826559,0.124719377,0.0,312.5,11.0,331
26.33832165,-10.6208001,0.23076923076923073,456.25,13.0,332
26.47058166,-4.815299841,0.2307692307692308,456.25,13.0,333
30.11243861,3.38534851,0.0,25.0,3.0,334
24.83443931,-3.115447249,0.09090909090909091,312.5,11.0,335
29.76893158,3.13643006,0.19999999999999998,240.625,10.0,336
30.73819186,1.892160766,0.0833333333333333,384.375,12.0,337
15.40728042,-5.479581097,0.0,240.625,10.0,338
13.08080122,-4.764960743,0.08333333333333334,384.375,12.0,339
22.0699527,-6.007601404,0.08333333333333334,384.375,12.0,340
27.72080946,-12.24943933,0.25,96.875,8.0,341
19.22895975,3.188716608,0.0,25.0,6.0,342
22.37803533,-5.01666197,0.0,528.125,14.0,343
18.61056898,-4.551280373,0.0,456.25,13.0,344
20.70108103,-0.468827288,0.07692307692307691,456.25,13.0,345
15.35964344,-4.383874921,0.09090909090909093,312.5,11.0,346
28.35820243,-4.192708407,0.2222222222222222,168.75,9.0,347
27.63859414,2.771376579,0.18181818181818182,312.5,11.0,348
18.77302451,4.117802585,0.07692307692307694,456.25,13.0,349
23.64736199,-3.316327485,0.45454545454545453,312.5,11.0,350
23.48187236,-5.590262183,0.09090909090909091,312.5,11.0,351
23.59044261,-6.115454727,0.0,240.625,10.0,352
26.58050646,-8.548571467,0.0,528.125,14.0,353
22.95588346,-5.778422745,0.1818181818181818,312.5,11.0,354
18.69804298,-4.030236333,0.0,168.75,9.0,355
25.54897855,-10.62526388,0.0,384.375,12.0,356
25.19631766,0.525577693,0.16666666666666663,384.375,12.0,357
17.92019847,-4.783570191,0.0,168.75,9.0,358
18.162292,-5.747241209,0.0,168.75,9.0,359
28.71701556,-1.516323604,0.1818181818181818,312.5,11.0,360
22.50911893,-1.185392719,0.22222222222222224,168.75,9.0,361
15.2932243,-4.366050707,0.0,25.0,7.0,362
19.24023131,4.93247793,0.25,96.875,8.0,363
30.78906407,3.415066625,0.0,312.5,11.0,364
27.31266433,-2.701389547,0.0,456.25,13.0,365
17.33347224,-7.686857015,0.0,96.875,8.0,366
27.61232821,2.780317088,0.09999999999999999,240.625,10.0,367
26.55590726,-2.473584269,0.09090909090909093,312.5,11.0,368
26.37972537,-8.98432268,0.0,456.25,13.0,369
13.20528646,-5.468614576,0.0,96.875,8.0,370
22.58734167,-3.701021875,0.0,312.5,11.0,371
29.8711412,1.459163312,0.07692307692307691,456.25,13.0,372
15.19171556,-5.354424323,0.0,384.375,12.0,373
23.53462997,-4.946088476,0.25000000000000006,384.375,12.0,374
16.45148066,-2.02745392,0.0,600.0,17.0,375
28.83656974,-2.464984275,0.0,240.625,10.0,376
23.76672437,-0.702041334,0.1,240.625,10.0,377
20.12230172,-5.839979924,0.21428571428571425,528.125,14.0,378
24.36414324,-4.026806539,0.09090909090909091,312.5,11.0,379
19.721504,-5.889814087,0.09999999999999999,240.625,10.0,380
21.69358618,-5.787365549,0.07692307692307691,456.25,13.0,381
25.89637869,-6.045524154,0.16666666666666669,384.375,12.0,382
18.02574116,-4.193712989,0.14285714285714288,25.0,7.0,383
30.84755134,2.158801889,0.08333333333333334,384.375,12.0,384
24.19169589,-4.13671828,0.08333333333333334,384.375,12.0,385
22.68154072,1.918876032,0.09999999999999999,240.625,10.0,386
24.04226241,0.712786489,0.09090909090909093,312.5,11.0,387
23.57944457,-6.102242033,0.0,96.875,8.0,388
22.45968233,4.097317523,0.15384615384615383,456.25,13.0,389
14.36875385,-4.950914383,0.0,240.625,10.0,390
29.41431624,0.446841934,0.1111111111111111,168.75,9.0,391
16.1052345,-5.848040085,0.0,168.75,9.0,392
23.35908259,-2.346350389,0.0,384.375,12.0,393
29.07859679,-1.984035965,0.3636363636363637,312.5,11.0,394
20.29509741,4.769549898,0.16666666666666666,384.375,12.0,395
20.68136105,-1.735940191,0.30769230769230776,456.25,13.0,396
22.63745538,-8.361019608,0.0,312.5,11.0,397
22.25807901,2.299650299,0.07692307692307693,456.25,13.0,399
23.77777105,2.740900588,0.0,384.375,12.0,400
26.47555529,-3.992388663,0.0,240.625,10.0,401
27.68338932,-4.681001943,0.0909090909090909,312.5,11.0,402
29.17250857,-0.625402593,0.0,96.875,8.0,403
19.41598786,-3.421207852,0.2,240.625,10.0,404
24.45624321,0.833595326,0.14285714285714282,528.125,14.0,405
25.50000117,-10.722267,0.0,168.75,9.0,406
24.75780714,2.815710564,0.15384615384615383,456.25,13.0,407
23.01541491,-10.62512953,0.07142857142857144,528.125,14.0,408
13.54841193,-5.240788076,0.0,25.0,7.0,409
29.54616056,3.030879754,0.0,25.0,7.0,410
27.71631025,2.819458612,0.125,96.875,8.0,411
18.91542027,-1.484006617,0.0,600.0,15.0,412
18.65035747,-4.820641291,0.125,96.875,8.0,413
22.26077551,-0.444482596,0.4,240.625,10.0,414
21.32594749,-6.191183101,0.16666666666666669,384.375,12.0,415
25.49877312,-10.69324982,0.16666666666666669,384.375,12.0,416
26.60002924,-5.630320604,0.0,456.25,13.0,417
19.81501921,2.954061348,0.23076923076923078,456.25,13.0,418
23.46003909,-10.38178971,0.0,456.25,13.0,419
23.92838759,0.300303251,0.0909090909090909,312.5,11.0,420
27.55129503,-11.64230765,0.16666666666666669,384.375,12.0,421
20.56547978,-4.257650884,0.16666666666666663,384.375,12.0,422
24.46993223,-6.140902637,0.14285714285714288,528.125,14.0,423
30.61795391,1.976384375,0.14285714285714285,528.125,14.0,424
22.8117703,-9.257057354,0.09999999999999999,240.625,10.0,425
23.67855325,-6.698492494,0.1666666666666667,384.375,12.0,426
22.85429306,-6.07878156,0.0909090909090909,312.5,11.0,427
22.17269614,0.987873422,0.125,96.875,8.0,428
30.48449197,1.455734191,0.16666666666666669,384.375,12.0,429
27.50299757,-11.68237713,0.0,600.0,15.0,430
30.08737445,1.357959521,0.0,168.75,9.0,431
21.92255579,-7.1614364,0.35714285714285715,528.125,14.0,432
21.01019847,-6.467919737,0.0,240.625,10.0,433
23.22868448,-6.277640933,0.16666666666666666,384.375,12.0,434
24.42334583,-4.763415275,0.0,384.375,12.0,435
16.79073403,-2.762935123,0.0,168.75,9.0,436
26.73020589,-10.96614611,0.10000000000000002,240.625,10.0,437
13.78258084,-4.48747414,0.0,240.625,10.0,438
22.69209803,3.880742122,0.14285714285714288,528.125,14.0,439
29.23477328,-1.675666279,0.0,168.75,9.0,440
29.14739833,-3.374012495,0.0,240.625,10.0,441
22.55924805,-6.297698574,0.13333333333333333,600.0,15.0,442
25.58185526,-4.282307432,0.11111111111111112,168.75,9.0,443
28.01128178,-5.956694127,0.0,168.75,9.0,444
27.44535131,-5.302835324,0.0,456.25,13.0,445
27.60747578,-9.880256452,0.24999999999999997,384.375,12.0,446
29.15531171,-4.553107721,0.0,528.125,14.0,447
20.09858565,-2.37483257,0.07692307692307693,456.25,13.0,448
22.5567913,2.906046426,0.0,528.125,14.0,449
18.53378207,-4.604064347,0.0,312.5,11.0,450
23.7088707,3.827155412,0.0,96.875,8.0,451
26.25758815,-1.031479125,0.1666666666666667,384.375,12.0,452
21.33679187,1.871113476,0.25,600.0,16.0,453
27.41296037,-11.86173989,0.0,96.875,8.0,454
23.9204308,3.270768901,0.21428571428571433,528.125,14.0,455
18.66232184,3.495784669,0.0,384.375,12.0,456
18.25953444,0.038713501,0.16666666666666666,384.375,12.0,457
27.59098857,1.34183167,0.07142857142857144,528.125,14.0,458
15.29873821,-4.375076436,0.0,96.875,8.0,459
21.54887895,1.99477519,0.08333333333333334,384.375,12.0,460
21.47785151,-6.098035774,0.0,456.25,13.0,461
27.42421896,1.150438957,0.07142857142857145,528.125,14.0,462
12.66417826,-5.055809339,0.0,96.875,8.0,463
22.40441807,-5.872904715,0.14285714285714285,25.0,7.0,464
26.01841492,-6.879141929,0.0,168.75,9.0,465
28.61576972,-12.73689109,0.0,168.75,9.0,466
12.84193129,-5.096729026,0.07692307692307693,456.25,13.0,467
23.91386726,3.267955463,0.3846153846153846,456.25,13.0,468
21.72330595,2.561847294,0.15384615384615385,456.25,13.0,469
27.16547503,-6.465576314,0.07692307692307691,456.25,13.0,470
18.3935368,0.649557876,0.08333333333333333,384.375,12.0,471
28.85947085,-2.512573084,0.0,312.5,11.0,472
25.91005979,-9.734568001,0.06666666666666667,600.0,15.0,473
21.90879847,0.353719406,0.1818181818181818,312.5,11.0,474
19.77475411,3.257724912,0.14285714285714285,528.125,14.0,475
26.2209454,3.660492982,0.0,384.375,12.0,476
18.18288974,-0.820455403,0.0,384.375,12.0,477
28.87279295,-2.63953568,0.0,312.5,11.0,478
22.45971225,2.186307348,0.0,456.25,13.0,479
19.77305827,3.150244231,0.0,168.75,9.0,480
28.68551442,-2.863419907,0.0,240.625,10.0,481
25.15199052,2.753152656,0.2222222222222222,168.75,9.0,482
23.31491287,-2.376918175,0.0,384.375,12.0,483
28.03476653,2.273835243,0.2222222222222222,168.75,9.0,484
22.13415903,-7.146758641,0.30769230769230776,456.25,13.0,485
23.19547616,-3.381960586,0.0,600.0,15.0,486
27.49236125,-11.66966713,0.09999999999999999,240.625,10.0,487
18.43343101,-4.414857893,0.0,456.25,13.0,488
18.73883557,-0.344898769,0.3,240.625,10.0,489
27.34459995,-11.09864006,0.1111111111111111,168.75,9.0,490
29.10952812,-3.272507722,0.0,312.5,11.0,491
20.94968403,-1.494620982,0.0,528.125,14.0,492
20.51551691,4.282503661,0.16666666666666663,384.375,12.0,493
23.3830765,-6.187259796,0.2857142857142857,25.0,7.0,494
20.88573392,-0.265243333,0.1,240.625,10.0,495
26.68329068,-4.424198733,0.35294117647058826,600.0,17.0,496
20.04281971,2.821361095,0.1875,600.0,16.0,497
22.38464839,-5.877031271,0.15384615384615388,456.25,13.0,498
21.19556434,-4.612253962,0.1111111111111111,168.75,9.0,499
25.67058093,-5.631823846,0.08333333333333334,384.375,12.0,500
23.51438536,-6.27468574,0.2222222222222222,168.75,9.0,501
15.23512317,-4.344771862,0.0,384.375,12.0,502
29.22267332,-1.571018952,0.0,456.25,13.0,503
29.05640269,-2.049142475,0.0,96.875,8.0,504
23.30076387,-6.367032697,0.0,96.875,8.0,505
20.37723593,-4.314013858,0.07142857142857142,528.125,14.0,506
18.39369551,-5.418484275,0.0,168.75,9.0,507
22.25573923,2.80526069,0.27272727272727276,312.5,11.0,508
29.36983972,0.389551953,0.07142857142857142,528.125,14.0,509
29.15264601,1.067968147,0.1666666666666667,384.375,12.0,510
21.45638805,2.984027457,0.19999999999999998,240.625,10.0,511
27.44298737,-5.038852685,0.0,600.0,15.0,512
29.17153216,-1.037958326,0.21428571428571427,528.125,14.0,513
19.80209545,3.137866996,0.3076923076923077,456.25,13.0,514
26.00124969,3.189618861,0.0714285714285714,528.125,14.0,515
22.88283147,-9.707651332,0.15384615384615383,456.25,13.0,516
12.70495175,-5.005254462,0.0,25.0,1.0,517
14.3068068,-4.881077992,0.08333333333333331,384.375,12.0,518
23.45229454,-7.005069982,0.07142857142857141,528.125,14.0,519
29.08472428,-2.905725663,0.0,240.625,10.0,520
22.5948006,-7.572190752,0.06666666666666668,600.0,15.0,521
26.41896325,-6.217995192,0.0,384.375,12.0,522
27.46532039,2.134289125,0.0,240.625,10.0,523
26.42876889,4.046804569,0.1,240.625,10.0,524
15.24380083,-4.447924791,0.0909090909090909,312.5,11.0,525
22.80097812,0.804905671,0.08333333333333331,384.375,12.0,526
20.42989787,-6.593397854,0.0,456.25,13.0,527
24.53231239,-7.73409486,0.0,384.375,12.0,528
20.51661017,3.59937061,0.0,312.5,11.0,529
22.38245982,-5.922998776,0.18181818181818182,312.5,11.0,530
22.09739417,1.295225542,0.07692307692307691,456.25,13.0,531
21.00085741,4.279086899,0.09090909090909088,312.5,11.0,532
27.47724277,-11.68773906,0.0,25.0,7.0,533
29.24712848,-0.211333527,0.0,312.5,11.0,534
19.0944844,-5.394014643,0.0,600.0,15.0,535
26.15567939,-3.757821557,0.08333333333333333,384.375,12.0,536
19.15091134,2.937189138,0.1111111111111111,168.75,9.0,537
18.2506118,0.028646786,0.07692307692307694,456.25,13.0,538
20.87146901,2.787505758,0.25000000000000006,384.375,12.0,539
29.2537801,-0.310632352,0.0,168.75,9.0,540
18.24603702,-7.504982128,0.1,240.625,10.0,541
20.87873467,0.755683507,0.18181818181818182,312.5,11.0,542
23.60414888,-6.134755265,0.0,168.75,9.0,543
18.30486521,-2.781426698,0.16666666666666669,384.375,12.0,544
24.36138395,1.797462457,0.09090909090909091,312.5,11.0,545
13.05824975,-5.845946767,0.0,384.375,12.0,546
23.13580044,-10.81513694,0.3076923076923076,456.25,13.0,547
23.76643367,-5.907754109,0.375,96.875,8.0,548
20.56594156,-4.322274017,0.07692307692307691,456.25,13.0,549
30.18872007,1.759739122,0.23076923076923078,456.25,13.0,550
27.13452358,-5.086321238,0.08333333333333333,384.375,12.0,551
27.3854624,-7.294651595,0.0,528.125,14.0,552
22.39326442,-7.210419878,0.07692307692307693,456.25,13.0,553
15.36092118,-4.446016416,0.1111111111111111,168.75,9.0,554
12.83309738,-5.353004161,0.0909090909090909,312.5,11.0,555
22.02290086,2.362600705,0.0,384.375,12.0,556
23.18745681,-2.950911251,0.0,384.375,12.0,557
27.47494181,-11.69709623,0.0,240.625,10.0,558
30.82324348,2.881988858,0.0,600.0,15.0,559
26.62322846,-2.765255583,0.14285714285714288,528.125,14.0,560
13.91712866,-5.443569352,0.0,240.625,10.0,561
27.10159161,-1.003211995,0.0,96.875,8.0,562
23.95422573,-6.712895843,0.125,96.875,8.0,563
19.21267344,4.123670741,0.14285714285714282,528.125,14.0,564
22.19745982,-6.382196373,0.16666666666666663,384.375,12.0,565
24.67660653,0.530666751,0.30769230769230776,456.25,13.0,566
28.29267069,-9.194916992,0.07692307692307693,456.25,13.0,567
22.60051217,2.296244142,0.2222222222222222,168.75,9.0,568
13.47704547,-5.809624407,0.09999999999999999,240.625,10.0,569
22.54966653,-6.743141573,0.0,312.5,11.0,570
19.34553606,-6.141545531,0.07692307692307693,456.25,13.0,571
25.68177529,-10.98746404,0.0,384.375,12.0,572
14.53422135,-4.944494168,0.0,96.875,8.0,573
30.30259345,1.880356784,0.0,528.125,14.0,574
27.65366978,3.111943585,0.0,25.0,6.0,575
28.95689813,0.350607084,0.09090909090909093,312.5,11.0,576
18.25680053,0.034368251,0.0909090909090909,312.5,11.0,577
21.03931474,-5.692663532,0.15384615384615383,456.25,13.0,578
19.23619124,0.352968288,0.0,456.25,13.0,579
29.72580866,1.300095563,0.09090909090909091,312.5,11.0,580
21.1870627,1.877793488,0.4285714285714286,528.125,14.0,581
22.37562119,-10.14879469,0.0,456.25,13.0,582
19.86541722,1.159178064,0.20000000000000004,240.625,10.0,583
26.60614222,-6.210414422,0.07692307692307693,456.25,13.0,584
28.84361179,-2.513274778,0.06666666666666668,600.0,15.0,585
19.2086944,-4.92942345,0.125,96.875,8.0,586
19.52408764,2.459470281,0.0,384.375,12.0,587
25.2467638,-6.797776472,0.16666666666666666,384.375,12.0,588
28.43766355,-2.682762944,0.16666666666666666,384.375,12.0,589
22.64737442,-9.451418761,0.0909090909090909,312.5,11.0,590
21.28265403,-6.703510503,0.07692307692307691,456.25,13.0,591
23.56318001,-6.190077594,0.07142857142857144,528.125,14.0,592
28.1208957,-1.557851708,0.0,528.125,14.0,593
18.80195798,-2.920692044,0.0,456.25,13.0,594
24.76560018,2.823254784,0.0909090909090909,312.5,11.0,595
29.34731102,-5.625227902,0.0,312.5,11.0,596
16.86489084,-2.250214194,0.0,528.125,14.0,597
16.93504077,-3.010007144,0.2222222222222222,168.75,9.0,598
25.39952168,0.459461405,0.0,528.125,14.0,599
18.69495195,0.138303727,0.08333333333333333,384.375,12.0,600
29.1829816,-5.93836896,0.125,96.875,8.0,601
17.16333497,-6.480563108,0.07692307692307694,456.25,13.0,602
16.65536427,-5.410319606,0.125,96.875,8.0,603
15.27755248,-4.393853893,0.0,456.25,13.0,604
29.1797015,3.381682993,0.14285714285714285,25.0,7.0,605
27.62264712,2.765064816,0.07692307692307693,456.25,13.0,606
27.51476539,-10.50189192,0.07142857142857144,528.125,14.0,607
30.2133108,-7.479978827,0.0,456.25,13.0,608
30.41765376,1.60308567,0.09090909090909093,312.5,11.0,609
29.78382694,-7.348601431,0.0,25.0,7.0,610
30.2643195,1.557555731,0.0,168.75,9.0,611
13.56503928,-5.521115598,0.0,25.0,5.0,612
17.37115537,-3.31701872,0.19999999999999998,240.625,10.0,613
22.11371313,-6.847362488,0.2857142857142857,528.125,14.0,614
24.60426397,-5.528051925,0.0,384.375,12.0,615
27.72004633,2.320450494,0.09999999999999999,240.625,10.0,616
15.49462853,-4.386125466,0.0,96.875,8.0,617
26.5634983,-10.91792188,0.0,96.875,8.0,618
22.03753783,-6.981517257,0.0909090909090909,312.5,11.0,619
28.18132081,-3.127239029,0.2857142857142857,528.125,14.0,620
26.51176469,-10.54418536,0.0,312.5,11.0,621
16.70778206,-1.651485058,0.13333333333333336,600.0,15.0,622
19.44522557,-3.418299507,0.0,96.875,8.0,623
25.18899061,0.500531181,0.08333333333333333,384.375,12.0,624
26.6358142,-3.781293458,0.27272727272727276,312.5,11.0,625
20.71127537,-4.752718793,0.0,384.375,12.0,626
27.70755623,3.608595494,0.28571428571428575,25.0,7.0,627
21.04274589,-4.029237831,0.0,312.5,11.0,628
29.25218144,-1.654971336,0.33333333333333337,168.75,9.0,629
26.25052268,2.95607717,0.0,240.625,10.0,630
26.25396308,-3.073296939,0.0,240.625,10.0,631
24.14821932,-3.556744956,0.07692307692307693,456.25,13.0,632
21.56118665,2.943134133,0.4,240.625,10.0,633
26.76694124,3.407947013,0.07692307692307693,456.25,13.0,634
22.45368996,-10.73412032,0.0,384.375,12.0,635
22.43160784,-3.401370885,0.0,96.875,8.0,636
17.15080892,-5.502801288,0.0,168.75,9.0,637
15.32292087,-4.332620017,0.1111111111111111,168.75,9.0,638
26.99769126,-7.098360807,0.08333333333333333,384.375,12.0,639
13.34278774,-5.109274215,0.16666666666666666,25.0,6.0,640
29.1027116,-3.880832108,0.18181818181818185,312.5,11.0,641
26.39039094,-8.066145669,0.07142857142857141,528.125,14.0,642
19.48017687,1.82292657,0.2,240.625,10.0,643
20.3546092,-1.245871899,0.0,456.25,13.0,644
22.56246762,2.152133112,0.0,456.25,13.0,645
20.91325416,-6.780997134,0.09090909090909091,312.5,11.0,646
19.31450781,3.431887315,0.0,456.25,13.0,647
17.73680082,-7.185379449,0.0,384.375,12.0,648
19.88660784,4.187461164,0.14285714285714285,528.125,14.0,649
22.86579824,-5.018903715,0.07142857142857142,528.125,14.0,650
27.0027673,-3.806091338,0.0,384.375,12.0,651
23.44085106,-7.002091593,0.0,456.25,13.0,652
28.71124767,-2.810576617,0.0,384.375,12.0,653
29.60409047,-7.192857009,0.0,600.0,15.0,654
30.04116323,1.936455899,0.15384615384615385,456.25,13.0,655
23.55210237,-6.1000747,0.1,240.625,10.0,656
29.47917138,0.509404862,0.1111111111111111,168.75,9.0,657
17.9218385,-0.734661429,0.2,240.625,10.0,658
25.95925837,-2.949337553,0.11764705882352941,600.0,17.0,659
16.58864127,-5.692607147,0.20000000000000004,240.625,10.0,660
15.32593749,-4.425550996,0.0,240.625,10.0,661
22.35570846,-6.007629398,0.07692307692307693,456.25,13.0,662
23.97045066,-7.749548273,0.16666666666666666,384.375,12.0,663
17.96281996,-5.762987239,0.07142857142857142,528.125,14.0,664
31.04998397,2.035034453,0.0,312.5,11.0,665
26.44474448,-6.828786355,0.0,312.5,11.0,666
25.19274239,-7.822844849,0.1,240.625,10.0,667
30.99532145,1.992965487,0.0,168.75,9.0,668
22.88839101,-0.99496801,0.14285714285714282,25.0,7.0,669
22.33853085,-7.969258649,0.0,312.5,11.0,670
15.57573822,-4.044858454,0.0,600.0,15.0,671
28.8452101,-2.508782411,0.0,384.375,12.0,672
18.6592332,2.055179472,0.08333333333333331,384.375,12.0,673
23.61573886,-6.106197626,0.24999999999999997,384.375,12.0,674
30.2177134,1.821224403,0.0666666666666667,600.0,15.0,675
15.27400605,-4.333457835,0.0,25.0,6.0,676
24.38608096,0.736728059,0.0,25.0,6.0,677
26.76189841,-11.0027983,0.0,240.625,10.0,678
18.80019776,-5.926047587,0.0,528.125,14.0,679
18.42944648,1.555149516,0.1538461538461539,456.25,13.0,680
24.00251809,-6.803681314,0.2307692307692308,456.25,13.0,681
22.54331095,-3.755725242,0.1818181818181818,312.5,11.0,682
25.31026783,0.574556143,0.0909090909090909,312.5,11.0,683
20.78782493,3.040205628,0.0,312.5,11.0,684
17.3056081,-4.944533596,0.0,312.5,11.0,685
20.82761491,4.294807837,0.18181818181818185,312.5,11.0,686
20.37657483,3.809458406,0.0,312.5,11.0,687
19.75117253,3.244137207,0.1111111111111111,168.75,9.0,688
23.32955005,-6.266814777,0.07692307692307691,456.25,13.0,689
22.27589547,-0.738807369,0.24999999999999997,384.375,12.0,690
23.2727672,-5.655770791,0.23076923076923078,456.25,13.0,691
23.77883141,2.73115129,0.06666666666666665,600.0,15.0,692
28.10359778,-6.359305562,0.0,240.625,10.0,693
27.45838036,-11.69893674,0.23076923076923073,456.25,13.0,694
26.10943718,-4.445403302,0.3,240.625,10.0,695
23.39687726,-6.593547636,0.3333333333333333,168.75,9.0,696
28.14111055,-10.18738113,0.06666666666666668,600.0,15.0,697
21.07446299,-0.996954885,0.0909090909090909,312.5,11.0,698
19.20698027,0.103689186,0.0,312.5,11.0,699
29.17240043,-1.619722176,0.0,456.25,13.0,700
24.45618698,-6.142883265,0.0909090909090909,312.5,11.0,701
22.34491127,-5.366676246,0.08333333333333333,384.375,12.0,702
21.70749176,-6.933114881,0.2,240.625,10.0,703
20.26490387,3.494898562,0.07142857142857144,528.125,14.0,704
30.40473951,2.46217396,0.0,240.625,10.0,705
29.12751626,-1.59378909,0.0,168.75,9.0,706
23.88732602,-3.495234936,0.14285714285714288,528.125,14.0,707
20.01703199,-3.305655899,0.13333333333333336,600.0,15.0,708
21.45557709,-5.374580301,0.0,240.625,10.0,709
15.43127573,-5.301973325,0.0,240.625,10.0,710
15.34003208,-4.376624822,0.0,312.5,11.0,711
21.79039101,-6.466390046,0.0909090909090909,312.5,11.0,712
17.2873432,-2.402055307,0.09090909090909091,312.5,11.0,713
30.84380994,2.293346688,0.06666666666666665,600.0,15.0,714
26.89686946,3.154549743,0.07142857142857142,528.125,14.0,715
26.55770782,-9.814729801,0.0,168.75,9.0,716
25.93023981,-5.408484426,0.0,600.0,15.0,717
12.99465598,-4.982506798,0.0,25.0,4.0,718
17.76813816,-5.540171762,0.0,25.0,5.0,719
17.70600013,-8.051461096,0.07142857142857141,528.125,14.0,720
16.54769209,-1.905037968,0.0,384.375,12.0,721
24.84722849,0.610150495,0.19999999999999998,240.625,10.0,722
28.87039867,-2.498092077,0.16666666666666666,25.0,6.0,723
12.85089828,-5.238283265,0.4285714285714286,25.0,7.0,724
18.14727053,-6.337655873,0.0,240.625,10.0,725
25.78243726,-9.453749033,0.0,312.5,11.0,726
28.62952296,-1.490079445,0.0,240.625,10.0,727
22.85441693,-6.494313478,0.07692307692307694,456.25,13.0,728
27.46084576,-5.611241094,0.0,312.5,11.0,729
20.35555772,-5.306249977,0.08333333333333333,384.375,12.0,730
26.22607651,-8.221823813,0.18181818181818182,312.5,11.0,731
27.48151416,-11.69993207,0.125,600.0,16.0,732
14.29131929,-4.49039466,0.0,25.0,6.0,733
15.36901287,-4.402559846,0.0,168.75,9.0,734
29.18563383,-4.285242527,0.2857142857142857,25.0,7.0,735
29.16815513,-3.233605907,0.16666666666666666,384.375,12.0,736
18.49393454,-4.169191916,0.18181818181818182,312.5,11.0,737
27.01161287,-3.468943052,0.25000000000000006,384.375,12.0,738
27.00176668,-5.166918909,0.0,384.375,12.0,739
23.60895002,-6.110182629,0.0,240.625,10.0,740
20.74757168,-5.993033319,0.0,96.875,8.0,741
21.40642157,-0.083940495,0.25,384.375,12.0,742
26.66555378,-8.057316229,0.23076923076923073,456.25,13.0,743
28.80626506,-2.571888252,0.1111111111111111,168.75,9.0,744
26.51082738,3.256665325,0.0,240.625,10.0,745
23.88604912,-6.720762667,0.1,240.625,10.0,746
15.29491149,-4.329381251,0.09090909090909091,312.5,11.0,747
31.1275941,2.220458517,0.0,240.625,10.0,748
20.77354847,2.17719155,0.07142857142857142,528.125,14.0,749
29.94800662,3.41144841,0.3333333333333333,168.75,9.0,750
21.07967807,1.87932125,0.0,384.375,12.0,751
24.9785303,-8.733650858,0.2,240.625,10.0,752
27.0125219,-4.314763544,0.07692307692307691,456.25,13.0,753
21.93814753,-0.224813263,0.16666666666666666,384.375,12.0,754
28.7865651,-1.452912111,0.07142857142857142,528.125,14.0,755
15.41196278,-4.396590843,0.0,456.25,13.0,756
20.52739866,3.013725945,0.06666666666666668,600.0,15.0,757
23.28067787,-6.498319909,0.09090909090909093,312.5,11.0,758
20.50311308,3.395942053,0.0,312.5,11.0,759
17.31024197,-6.228660117,0.0909090909090909,312.5,11.0,760
21.28229694,-6.58594613,0.0,240.625,10.0,761
22.77126118,-6.447016059,0.125,600.0,16.0,762
15.29947059,-4.333893581,0.0,240.625,10.0,763
23.58845662,-6.108231597,0.0,25.0,4.0,764
18.58373957,2.390790614,0.0,456.25,13.0,765
21.50615313,2.144643791,0.2222222222222222,168.75,9.0,766
30.04491977,1.945793434,0.21428571428571433,528.125,14.0,767
17.92128282,-0.742965458,0.0,25.0,4.0,768
22.09257328,2.026485526,0.2727272727272727,312.5,11.0,769
23.73654166,1.300330906,0.15384615384615385,456.25,13.0,770
29.32703763,0.198850512,0.08333333333333333,384.375,12.0,771
21.55700393,-4.860579196,0.11111111111111112,168.75,9.0,772
18.74629656,3.514447841,0.0,384.375,12.0,773
23.43715536,-7.011264954,0.07692307692307693,456.25,13.0,774
25.8326092,-9.272206276,0.07142857142857145,528.125,14.0,775
28.60604304,-10.40419253,0.0,456.25,13.0,776
19.79565535,1.225505083,0.16666666666666669,384.375,12.0,777
15.3110974,-4.374134006,0.0,312.5,11.0,778
29.04793402,-2.267985773,0.0,312.5,11.0,779
30.92772021,2.233075254,0.0,528.125,14.0,780
