cluster_id,fraction_var1,fraction_var2,n_women,total_weight,n_answered_both
1,0.46153846153846145,0.3076923076923076,13.0,2.647294000000001,13.0
2,0.2666666666666667,0.2,15.0,44.529315,15.0
3,0.14285714285714282,0.14285714285714282,14.0,25.609780000000004,14.0
4,0.125,0.0,8.0,3.521304,8.0
5,0.16666666666666669,0.08333333333333334,12.0,5.0371559999999995,12.0
6,0.07142857142857145,0.0,14.0,23.497095999999992,14.0
7,0.0,0.0,13.0,1.9360770000000005,13.0
8,0.5833333333333334,0.5,12.0,0.30972,12.0
9,0.6666666666666667,0.5555555555555556,9.0,5.258268,9.0
10,0.5000000000000001,0.30000000000000004,10.0,3.01366,10.0
11,0.18181818181818182,0.09090909090909091,11.0,12.531288,11.0
12,0.0,0.0,11.0,9.099508,11.0
13,0.0,0.0,12.0,23.246604,12.0
14,0.1111111111111111,0.0,9.0,1.8252000000000002,9.0
15,0.07692307692307691,0.0,13.0,32.39587,13.0
16,0.23076923076923078,0.15384615384615385,13.0,2.580513,13.0
17,0.1538461538461538,0.1538461538461538,13.0,4.898894000000001,13.0
18,0.42857142857142866,0.21428571428571433,14.0,4.991447999999999,14.0
19,0.0,0.0,9.0,5.391099,9.0
20,0.27272727272727276,0.27272727272727276,11.0,1.872992,11.0
21,0.0,0.0,10.0,5.70677,10.0
22,0.0,0.0,12.0,15.662556,12.0
23,0.3,0.19999999999999998,10.0,5.67603,10.0
24,0.4285714285714285,0.28571428571428564,14.0,5.264280000000001,14.0
25,0.6,0.39999999999999997,10.0,8.18229,10.0
26,0.2222222222222222,0.1111111111111111,9.0,6.063813000000001,9.0
27,0.19999999999999998,0.19999999999999998,10.0,2.61276,10.0
28,0.3,0.3,10.0,0.91816,10.0
29,0.41666666666666663,0.3333333333333333,12.0,1.231872,12.0
30,0.0,0.0,16.0,3.52808,16.0
31,0.0,0.0,11.0,24.670040999999998,11.0
32,0.0,0.0,13.0,6.417021000000002,13.0
33,0.45454545454545453,0.45454545454545453,11.0,1.547799,11.0
34,0.19999999999999998,0.0,10.0,6.913530000000001,10.0
35,0.14285714285714288,0.07142857142857144,14.0,7.805336,14.0
36,0.1666666666666667,0.08333333333333336,12.0,3.764315999999999,12.0
37,0.2222222222222222,0.2222222222222222,9.0,0.5699339999999999,9.0
38,0.25,0.08333333333333333,12.0,0.590748,12.0
39,0.2,0.1,10.0,9.46059,10.0
40,0.08333333333333333,0.08333333333333333,12.0,9.987624,12.0
41,0.18181818181818182,0.0,11.0,0.986106,11.0
42,0.25,0.25,12.0,2.5918919999999996,12.0
43,0.49999999999999994,0.19999999999999998,10.0,6.413720000000001,10.0
44,0.23076923076923078,0.15384615384615383,13.0,18.917938,13.0
45,0.07142857142857142,0.07142857142857142,14.0,2.3904300000000003,14.0
46,0.0,0.0,11.0,27.749182999999995,11.0
47,0.6,0.4,5.0,1.2383,5.0
48,0.125,0.0,8.0,33.61036,8.0
49,0.30000000000000004,0.20000000000000004,10.0,20.231229999999996,10.0
50,0.0,0.0,14.0,1.7657639999999997,14.0
51,0.19999999999999998,0.09999999999999999,10.0,34.3754,10.0
52,0.36363636363636365,0.27272727272727276,11.0,17.014118,11.0
53,0.4000000000000001,0.4000000000000001,10.0,2.4697099999999996,10.0
54,0.0,0.0,7.0,1.1598860000000002,7.0
55,0.07142857142857144,0.07142857142857144,14.0,11.169718,14.0
56,0.08333333333333333,0.08333333333333333,12.0,25.008708,12.0
57,0.30000000000000004,0.20000000000000004,10.0,11.953479999999999,10.0
58,0.15384615384615383,0.15384615384615383,13.0,23.085413000000003,13.0
59,0.0,0.0,15.0,3.6183149999999995,15.0
60,0.33333333333333337,0.16666666666666669,6.0,3.0113939999999997,6.0
61,0.375,0.375,8.0,10.138536,8.0
62,0.07692307692307691,0.0,13.0,1.6346070000000001,13.0
63,0.36363636363636365,0.27272727272727276,11.0,9.448604,11.0
64,0.19999999999999998,0.0,5.0,0.13495000000000001,5.0
65,0.1666666666666667,0.1666666666666667,12.0,1.4126279999999998,12.0
66,0.125,0.0,8.0,7.435248,8.0
67,0.3846153846153846,0.3846153846153846,13.0,1.054469,13.0
68,0.0,0.0,12.0,88.51448399999998,12.0
69,0.4545454545454545,0.1818181818181818,11.0,6.650798000000001,11.0
70,0.23076923076923073,0.23076923076923073,13.0,7.685808000000001,13.0
71,0.0,0.0,7.0,2.266411,7.0
72,0.4166666666666667,0.33333333333333337,12.0,8.558183999999999,12.0
73,0.2,0.0,10.0,19.55485,10.0
74,0.14285714285714285,0.14285714285714285,7.0,12.146687,7.0
75,0.30769230769230776,0.30769230769230776,13.0,2.7473809999999994,13.0
76,0.1,0.0,10.0,23.98124,10.0
77,0.2,0.2,10.0,3.81008,10.0
78,0.3,0.1,10.0,21.42837,10.0
79,0.15384615384615385,0.15384615384615385,13.0,5.118607,13.0
80,0.0,0.0,13.0,1.6502329999999998,13.0
81,0.16666666666666669,0.16666666666666669,12.0,2.103792,12.0
82,0.3333333333333333,0.3333333333333333,9.0,5.729157000000001,9.0
83,0.15384615384615385,0.15384615384615385,13.0,4.090319999999999,13.0
84,0.6,0.39999999999999997,5.0,0.811855,5.0
85,0.0,0.0,13.0,1.098123,13.0
86,0.19999999999999998,0.19999999999999998,15.0,17.163345,15.0
87,0.0,0.0,9.0,18.409302,9.0
88,0.18181818181818185,0.18181818181818185,11.0,6.838479999999999,11.0
89,0.30769230769230776,0.2307692307692308,13.0,1.3853579999999996,13.0
90,0.0625,0.0625,16.0,5.435584,16.0
91,0.4666666666666669,0.4000000000000002,15.0,6.680354999999997,15.0
92,0.07692307692307691,0.0,13.0,2.4574290000000003,13.0
93,0.4444444444444445,0.33333333333333337,9.0,1.586862,9.0
94,0.0,0.0,11.0,9.824397,11.0
95,0.0,0.0,10.0,16.13567,10.0
96,0.2,0.1,10.0,1.9409699999999999,10.0
97,0.10000000000000002,0.0,10.0,35.756719999999994,10.0
98,0.4444444444444445,0.4444444444444445,9.0,0.909864,9.0
99,0.25,0.125,8.0,2.218,8.0
100,0.5,0.5,8.0,2.41888,8.0
101,0.0,0.0,15.0,15.881310000000003,15.0
102,0.0,0.0,7.0,10.042634,7.0
103,0.5,0.25,8.0,2.63448,8.0
104,0.29411764705882354,0.23529411764705882,17.0,91.31770999999999,17.0
105,0.1,0.0,10.0,5.14696,10.0
106,0.19999999999999998,0.19999999999999998,10.0,11.499330000000002,10.0
107,0.0,0.0,11.0,5.029705999999999,11.0
108,0.06666666666666665,0.06666666666666665,15.0,52.929645000000015,15.0
109,0.09999999999999999,0.09999999999999999,10.0,3.7038200000000003,10.0
110,0.14285714285714288,0.14285714285714288,14.0,48.096678,14.0
111,0.15384615384615388,0.07692307692307694,13.0,5.400082999999999,13.0
112,0.0909090909090909,0.0,11.0,17.522934000000003,11.0
113,0.4444444444444445,0.22222222222222224,9.0,28.738314,9.0
114,0.30769230769230765,0.23076923076923073,13.0,5.827211000000001,13.0
115,0.125,0.125,8.0,18.969968,8.0
116,0.08333333333333336,0.08333333333333336,12.0,13.118063999999997,12.0
117,0.09999999999999999,0.09999999999999999,10.0,1.1427,10.0
118,0.39999999999999997,0.39999999999999997,10.0,10.590290000000001,10.0
119,0.35714285714285715,0.2857142857142857,14.0,9.91011,14.0
120,0.07692307692307691,0.07692307692307691,13.0,11.931205,13.0
121,0.0,0.0,15.0,16.866555,15.0
122,0.2,0.2,10.0,5.64304,10.0
123,0.30769230769230765,0.23076923076923075,13.0,11.274614000000001,13.0
124,0.3636363636363637,0.09090909090909093,11.0,40.45834099999999,11.0
125,0.125,0.125,8.0,3.468672,8.0
126,0.3,0.3,10.0,7.1285099999999995,10.0
127,0.07142857142857141,0.0,14.0,6.684678000000002,14.0
128,0.1111111111111111,0.1111111111111111,9.0,3.806739,9.0
129,0.125,0.125,8.0,3.959192,8.0
130,0.1111111111111111,0.1111111111111111,9.0,6.113583,9.0
131,0.0,0.0,8.0,6.711784,8.0
132,0.15384615384615385,0.07692307692307693,13.0,12.004707,13.0
133,0.125,0.0,8.0,7.682376,8.0
134,0.33333333333333337,0.33333333333333337,9.0,0.6036569999999999,9.0
135,0.11111111111111112,0.11111111111111112,9.0,21.949092,9.0
136,0.23076923076923073,0.15384615384615383,13.0,1.9467500000000002,13.0
137,0.25,0.25,16.0,40.842352,16.0
138,0.3333333333333334,0.2666666666666667,15.0,26.279894999999993,15.0
139,0.6000000000000001,0.19999999999999998,10.0,9.766770000000001,10.0
140,0.36363636363636365,0.09090909090909091,11.0,1.4358630000000001,11.0
141,0.0,0.0,7.0,22.194795,7.0
142,0.07692307692307694,0.0,13.0,1.9894419999999995,13.0
143,0.08333333333333334,0.0,12.0,6.607163999999999,12.0
144,0.0,0.0,11.0,24.333111000000002,11.0
145,0.5000000000000001,0.5000000000000001,12.0,1.5681959999999995,12.0
146,0.08333333333333333,0.0,12.0,2.3604000000000003,12.0
147,0.19999999999999998,0.19999999999999998,5.0,30.539245,5.0
148,0.07692307692307693,0.0,13.0,23.951849999999997,13.0
149,0.375,0.25,8.0,2.445648,8.0
150,0.33333333333333326,0.2666666666666666,15.0,5.580435000000001,15.0
152,0.18181818181818182,0.09090909090909091,11.0,3.454583,11.0
153,0.14285714285714288,0.0,7.0,6.700672999999998,7.0
154,0.0,0.0,10.0,3.61933,10.0
155,0.0,0.0,9.0,2.141577,9.0
156,0.07692307692307691,0.07692307692307691,13.0,1.110252,13.0
157,0.0,0.0,10.0,20.97483,10.0
158,0.2307692307692308,0.07692307692307693,13.0,16.101709,13.0
159,0.22222222222222224,0.0,9.0,5.108121,9.0
160,0.16666666666666666,0.16666666666666666,12.0,9.666336000000001,12.0
161,0.16666666666666669,0.16666666666666669,12.0,3.6817439999999992,12.0
162,0.5,0.375,8.0,37.383376,8.0
163,0.4,0.30000000000000004,10.0,9.28365,10.0
164,0.375,0.125,16.0,4.59656,16.0
165,0.1111111111111111,0.1111111111111111,9.0,0.436662,9.0
166,0.0,0.0,13.0,9.055747999999998,13.0
167,0.0,0.0,8.0,31.071312,8.0
168,0.07692307692307693,0.0,13.0,28.106416,13.0
169,0.0,0.0,9.0,40.968261,9.0
170,0.07142857142857142,0.07142857142857142,14.0,12.411294,14.0
171,0.08333333333333334,0.08333333333333334,12.0,2.8350599999999995,12.0
172,0.08333333333333331,0.08333333333333331,12.0,6.402552000000001,12.0
173,0.14285714285714288,0.14285714285714288,7.0,1.9088999999999998,7.0
174,0.09090909090909091,0.09090909090909091,11.0,30.007186,11.0
175,0.1666666666666667,0.08333333333333336,12.0,5.519363999999999,12.0
176,0.5,0.375,8.0,2.55268,8.0
177,0.16666666666666669,0.08333333333333334,12.0,1.8170639999999998,12.0
178,0.3571428571428571,0.3571428571428571,14.0,7.881958000000001,14.0
179,0.1875,0.125,16.0,2.866192,16.0
180,0.0,0.0,6.0,12.841680000000002,6.0
181,0.6363636363636362,0.5454545454545454,11.0,32.220881000000006,11.0
182,0.14285714285714285,0.14285714285714285,7.0,4.441136,7.0
183,0.25,0.25,16.0,5.461264,16.0
184,0.18181818181818185,0.18181818181818185,11.0,4.927801999999999,11.0
185,0.19999999999999998,0.19999999999999998,10.0,24.310730000000003,10.0
186,0.0,0.0,10.0,7.26298,10.0
187,0.0,0.0,13.0,29.076241999999993,13.0
188,0.09999999999999999,0.09999999999999999,10.0,1.28635,10.0
189,0.19999999999999998,0.09999999999999999,10.0,11.679600000000002,10.0
190,0.0,0.0,13.0,5.107453,13.0
191,0.08333333333333334,0.08333333333333334,12.0,12.115559999999999,12.0
192,0.0,0.0,11.0,2.0748420000000003,11.0
193,0.0,0.0,15.0,46.28898,15.0
194,0.23076923076923075,0.15384615384615383,13.0,4.430868,13.0
195,0.3846153846153847,0.23076923076923078,13.0,2.028104,13.0
196,0.0,0.0,5.0,12.033965,5.0
197,0.5384615384615384,0.38461538461538464,13.0,2.438904,13.0
198,0.3636363636363636,0.3636363636363636,11.0,11.145134,11.0
199,0.5833333333333334,0.3333333333333333,12.0,9.265152,12.0
200,0.3,0.19999999999999998,10.0,8.753720000000001,10.0
201,0.375,0.375,8.0,5.010736,8.0
202,0.5,0.5,2.0,0.885914,2.0
203,0.0,0.0,7.0,0.8740969999999999,7.0
204,0.2222222222222222,0.1111111111111111,9.0,3.831426,9.0
205,0.0,0.0,10.0,2.36087,10.0
206,0.0,0.0,9.0,8.887824,9.0
207,0.19999999999999998,0.19999999999999998,5.0,0.08993,5.0
208,0.07692307692307693,0.0,13.0,1.222247,13.0
209,0.23076923076923075,0.07692307692307693,13.0,1.268072,13.0
210,0.1111111111111111,0.1111111111111111,9.0,10.461897,9.0
211,0.27272727272727276,0.18181818181818182,11.0,1.9579669999999998,11.0
212,0.2142857142857143,0.2142857142857143,14.0,2.140656,14.0
213,0.4,0.2,10.0,6.85936,10.0
214,0.3333333333333334,0.25000000000000006,12.0,0.22831199999999996,12.0
215,0.4444444444444444,0.4444444444444444,9.0,13.027923,9.0
216,0.07692307692307691,0.07692307692307691,13.0,35.12792400000001,13.0
217,0.19999999999999998,0.19999999999999998,5.0,2.967645,5.0
218,0.4545454545454544,0.2727272727272727,11.0,5.470388000000001,11.0
219,0.6363636363636364,0.6363636363636364,11.0,2.594548,11.0
220,0.36363636363636365,0.18181818181818182,11.0,3.2263329999999995,11.0
221,0.25,0.08333333333333333,12.0,9.924312,12.0
222,0.09090909090909091,0.09090909090909091,11.0,4.05174,11.0
223,0.11111111111111112,0.0,9.0,8.953821,9.0
224,0.2857142857142857,0.14285714285714285,14.0,0.37996,14.0
225,0.22222222222222224,0.22222222222222224,9.0,14.352326999999999,9.0
226,0.0,0.0,12.0,5.881452,12.0
227,0.6363636363636365,0.36363636363636365,11.0,10.851313,11.0
228,0.16666666666666669,0.0,6.0,7.393806,6.0
229,0.5555555555555556,0.4444444444444445,9.0,1.367298,9.0
230,0.5454545454545454,0.45454545454545453,11.0,13.756028,11.0
231,0.3846153846153845,0.15384615384615383,13.0,9.017619000000002,13.0
232,0.16666666666666666,0.16666666666666666,6.0,1.8116400000000001,6.0
233,0.0909090909090909,0.0,11.0,2.9030430000000003,11.0
234,0.0,0.0,8.0,9.324752,8.0
235,0.0,0.0,6.0,0.832242,6.0
236,0.0,0.0,10.0,10.058469999999998,10.0
237,0.1111111111111111,0.0,9.0,12.434472,9.0
238,0.07142857142857144,0.0,14.0,10.079663999999998,14.0
239,0.14285714285714288,0.14285714285714288,14.0,80.16321599999999,14.0
240,0.30000000000000004,0.1,10.0,2.22381,10.0
241,0.3636363636363636,0.2727272727272727,11.0,12.336951000000001,11.0
242,0.5,0.25,8.0,5.875272,8.0
243,0.08333333333333331,0.08333333333333331,12.0,6.413916000000001,12.0
244,0.28571428571428564,0.21428571428571425,14.0,1.8605160000000005,14.0
245,0.08333333333333333,0.08333333333333333,12.0,3.1454160000000004,12.0
246,0.07692307692307694,0.07692307692307694,13.0,10.560289999999998,13.0
247,0.5,0.35714285714285715,14.0,4.10123,14.0
248,0.06666666666666668,0.06666666666666668,15.0,25.508864999999997,15.0
249,0.0,0.0,12.0,55.28685600000001,12.0
250,0.08333333333333333,0.08333333333333333,12.0,24.146364000000002,12.0
251,0.09090909090909091,0.09090909090909091,11.0,3.7292419999999997,11.0
252,0.19999999999999998,0.09999999999999999,10.0,2.25254,10.0
253,0.0,0.0,12.0,5.7179519999999995,12.0
254,0.0,0.0,6.0,12.291095999999998,6.0
255,0.4166666666666667,0.25,12.0,12.746184,12.0
256,0.2,0.0,10.0,3.85328,10.0
257,0.0,0.0,10.0,1.88765,10.0
258,0.21428571428571436,0.1428571428571429,14.0,35.40031599999999,14.0
259,0.16666666666666666,0.08333333333333333,12.0,1.108272,12.0
260,0.4444444444444445,0.3333333333333333,9.0,10.975914,9.0
261,0.375,0.25,8.0,3.97648,8.0
262,0.0,0.0,13.0,11.32625,13.0
263,0.27272727272727276,0.27272727272727276,11.0,3.014341,11.0
264,0.14285714285714285,0.0,14.0,4.193924,14.0
265,0.3,0.3,10.0,1.83607,10.0
266,0.13333333333333333,0.06666666666666667,15.0,17.210565,15.0
267,0.13333333333333333,0.13333333333333333,15.0,3.590925,15.0
268,0.125,0.125,16.0,35.192048,16.0
269,0.30769230769230765,0.23076923076923073,13.0,7.354815000000001,13.0
270,0.25,0.25,12.0,4.171908,12.0
271,0.0,0.0,13.0,2.7000479999999993,13.0
272,0.375,0.375,8.0,1.854056,8.0
273,0.6666666666666667,0.3333333333333333,9.0,1.485522,9.0
274,0.14285714285714288,0.0,7.0,2.9403989999999998,7.0
275,0.08333333333333333,0.08333333333333333,12.0,5.771628,12.0
276,0.27272727272727276,0.18181818181818182,11.0,1.171137,11.0
277,0.2,0.2,5.0,0.576135,5.0
278,0.0,0.0,11.0,2.819509,11.0
279,0.14285714285714285,0.0,7.0,0.7434980000000001,7.0
280,0.28571428571428575,0.21428571428571433,14.0,3.2415179999999992,14.0
281,0.0,0.0,10.0,9.92568,10.0
282,0.0,0.0,10.0,9.79969,10.0
283,0.16666666666666663,0.16666666666666663,12.0,20.872272000000002,12.0
284,0.0,0.0,12.0,1.554996,12.0
285,0.30000000000000004,0.1,10.0,15.18161,10.0
286,0.16666666666666663,0.08333333333333331,12.0,5.463300000000001,12.0
287,0.08333333333333331,0.08333333333333331,12.0,12.337392000000003,12.0
288,0.22222222222222224,0.11111111111111112,9.0,2.7261089999999997,9.0
289,0.0,0.0,11.0,8.33327,11.0
290,0.23076923076923075,0.23076923076923075,13.0,5.483556,13.0
291,0.0666666666666667,0.0666666666666667,15.0,14.606174999999995,15.0
292,0.15384615384615385,0.15384615384615385,13.0,5.66462,13.0
293,0.0,0.0,11.0,34.600313,11.0
294,0.16666666666666666,0.0,6.0,6.471228,6.0
295,0.21428571428571433,0.21428571428571433,14.0,8.779889999999998,14.0
296,0.10000000000000002,0.0,10.0,1.2241299999999997,10.0
297,0.07142857142857144,0.0,14.0,34.189623999999995,14.0
298,0.1333333333333333,0.06666666666666665,15.0,8.809830000000002,15.0
299,0.29999999999999993,0.29999999999999993,10.0,25.975740000000002,10.0
300,0.08333333333333334,0.08333333333333334,12.0,3.9176639999999994,12.0
301,0.0,0.0,10.0,26.49773,10.0
302,0.0,0.0,12.0,7.255500000000001,12.0
303,0.4,0.2,10.0,6.223739999999999,10.0
304,0.5000000000000001,0.41666666666666674,12.0,11.707944,12.0
305,0.08333333333333331,0.08333333333333331,12.0,10.631976000000002,12.0
306,0.15384615384615385,0.07692307692307693,13.0,8.67698,13.0
307,0.375,0.25,8.0,9.698944,8.0
308,0.22222222222222224,0.22222222222222224,9.0,1.239741,9.0
309,0.2727272727272727,0.2727272727272727,11.0,8.905875000000002,11.0
310,0.1818181818181818,0.0909090909090909,11.0,10.481152000000002,11.0
311,0.0,0.0,11.0,26.770689,11.0
312,0.375,0.375,8.0,0.539088,8.0
313,0.3333333333333333,0.16666666666666666,12.0,8.33028,12.0
314,0.4285714285714286,0.14285714285714288,7.0,2.449006,7.0
315,0.08333333333333336,0.08333333333333336,12.0,17.939231999999997,12.0
316,0.24999999999999997,0.24999999999999997,12.0,2.6958120000000005,12.0
317,0.2,0.2,10.0,0.151,10.0
318,0.6363636363636364,0.36363636363636365,11.0,3.7862109999999998,11.0
319,0.5454545454545454,0.27272727272727276,11.0,1.985698,11.0
320,0.2,0.1,10.0,3.0576399999999997,10.0
321,0.0,0.0,10.0,8.27287,10.0
322,0.0,0.0,10.0,1.86396,10.0
323,0.28571428571428575,0.28571428571428575,14.0,1.5471259999999998,14.0
324,0.0,0.0,7.0,0.428134,7.0
325,0.14285714285714288,0.14285714285714288,7.0,6.7756219999999985,7.0
326,0.0,0.0,7.0,16.665012,7.0
327,0.42857142857142866,0.28571428571428575,14.0,0.8235359999999999,14.0
328,0.30769230769230776,0.15384615384615388,13.0,3.0646589999999994,13.0
329,0.1666666666666667,0.08333333333333336,12.0,5.790575999999998,12.0
330,0.16666666666666663,0.0,12.0,4.502916000000001,12.0
331,0.0,0.0,11.0,16.947820999999998,11.0
332,0.23076923076923073,0.15384615384615383,13.0,30.436861000000004,13.0
333,0.4615384615384617,0.2307692307692308,13.0,15.011450999999997,13.0
334,0.6666666666666666,0.6666666666666666,3.0,0.231912,3.0
335,0.0,0.0,11.0,1.141041,11.0
336,0.4999999999999999,0.39999999999999997,10.0,2.4047300000000003,10.0
337,0.1666666666666666,0.0833333333333333,12.0,22.135596000000007,12.0
338,0.0,0.0,10.0,8.53102,10.0
339,0.0,0.0,12.0,18.062952,12.0
340,0.33333333333333337,0.33333333333333337,12.0,10.278696,12.0
341,0.5,0.5,8.0,11.006752,8.0
342,0.0,0.0,6.0,4.907843999999999,6.0
343,0.07142857142857141,0.07142857142857141,14.0,10.605994000000003,14.0
344,0.07692307692307693,0.0,13.0,12.809900999999998,13.0
345,0.6923076923076924,0.5384615384615384,13.0,9.273485,13.0
346,0.18181818181818185,0.09090909090909093,11.0,21.153230999999998,11.0
347,0.2222222222222222,0.1111111111111111,9.0,23.772501000000002,9.0
348,0.36363636363636365,0.36363636363636365,11.0,1.051963,11.0
349,0.15384615384615388,0.15384615384615388,13.0,11.681006999999997,13.0
350,0.36363636363636365,0.2727272727272727,11.0,3.283203,11.0
351,0.18181818181818182,0.09090909090909091,11.0,2.214025,11.0
352,0.30000000000000004,0.2,10.0,8.1145,10.0
353,0.0,0.0,14.0,12.842661999999995,14.0
354,0.2727272727272727,0.2727272727272727,11.0,4.809783,11.0
355,0.1111111111111111,0.0,9.0,4.1995890000000005,9.0
356,0.16666666666666663,0.08333333333333331,12.0,6.392172,12.0
357,0.33333333333333326,0.24999999999999997,12.0,23.905128000000005,12.0
358,0.0,0.0,9.0,6.28848,9.0
359,0.11111111111111112,0.11111111111111112,9.0,3.168828,9.0
360,0.3636363636363636,0.2727272727272727,11.0,14.712522000000002,11.0
361,0.6666666666666666,0.6666666666666666,9.0,11.96415,9.0
362,0.0,0.0,7.0,20.963670000000004,7.0
363,0.375,0.125,8.0,2.547216,8.0
364,0.09090909090909091,0.09090909090909091,11.0,22.63899,11.0
365,0.07692307692307693,0.0,13.0,3.842813,13.0
366,0.0,0.0,8.0,4.986928,8.0
367,0.09999999999999999,0.0,10.0,2.49418,10.0
368,0.0,0.0,11.0,9.721326999999999,11.0
369,0.0,0.0,13.0,2.525224,13.0
370,0.125,0.125,8.0,8.278344,8.0
371,0.0,0.0,11.0,9.509830000000001,11.0
372,0.15384615384615383,0.07692307692307691,13.0,1.9416280000000001,13.0
373,0.08333333333333334,0.0,12.0,4.349868,12.0
374,0.0,0.0,12.0,5.900399999999999,12.0
375,0.11764705882352942,0.05882352941176471,17.0,19.240548999999998,17.0
376,0.09999999999999999,0.09999999999999999,10.0,68.39574,10.0
377,0.30000000000000004,0.30000000000000004,10.0,1.8230499999999998,10.0
378,0.2857142857142857,0.2857142857142857,14.0,18.89748,14.0
379,0.0,0.0,11.0,4.969349,11.0
380,0.19999999999999998,0.19999999999999998,10.0,51.715590000000006,10.0
381,0.0,0.0,13.0,16.274583000000003,13.0
382,0.25000000000000006,0.16666666666666669,12.0,1.9807919999999997,12.0
383,0.28571428571428575,0.14285714285714288,7.0,2.748515,7.0
384,0.0,0.0,12.0,5.018412,12.0
385,0.16666666666666669,0.0,12.0,2.166384,12.0
386,0.3,0.3,10.0,2.58909,10.0
387,0.18181818181818185,0.18181818181818185,11.0,1.4268539999999996,11.0
388,0.5,0.375,8.0,3.99888,8.0
389,0.07692307692307691,0.07692307692307691,13.0,0.4537390000000001,13.0
390,0.0,0.0,10.0,33.47265,10.0
391,0.1111111111111111,0.1111111111111111,9.0,11.607021,9.0
392,0.0,0.0,9.0,25.130169000000002,9.0
393,0.0,0.0,12.0,3.132336,12.0
394,0.0,0.0,11.0,3.3045099999999996,11.0
395,0.3333333333333333,0.3333333333333333,12.0,2.609868,12.0
396,0.4615384615384617,0.30769230769230776,13.0,6.730853999999999,13.0
397,0.2727272727272727,0.1818181818181818,11.0,0.9940700000000002,11.0
399,0.0,0.0,13.0,1.955915,13.0
400,0.25,0.25,12.0,8.871360000000001,12.0
401,0.1,0.1,10.0,4.3156,10.0
402,0.0909090909090909,0.0,11.0,11.166958000000001,11.0
403,0.0,0.0,8.0,2.055184,8.0
404,0.4,0.4,10.0,6.447779999999999,10.0
405,0.28571428571428564,0.14285714285714282,14.0,0.3297000000000001,14.0
406,0.0,0.0,9.0,28.903896,9.0
407,0.07692307692307691,0.07692307692307691,13.0,9.707906000000001,13.0
408,0.07142857142857144,0.07142857142857144,14.0,6.742357999999999,14.0
409,0.0,0.0,7.0,16.363508000000003,7.0
410,0.2857142857142857,0.2857142857142857,7.0,0.398965,7.0
411,0.625,0.625,8.0,23.866936,8.0
412,0.19999999999999998,0.06666666666666667,15.0,2.02455,15.0
413,0.0,0.0,8.0,7.212592,8.0
414,0.1,0.1,10.0,3.57379,10.0
415,0.08333333333333334,0.0,12.0,16.140672,12.0
416,0.25,0.25,12.0,4.6323,12.0
417,0.07692307692307694,0.07692307692307694,13.0,6.9811429999999985,13.0
418,0.3076923076923077,0.23076923076923078,13.0,1.36812,13.0
419,0.0,0.0,13.0,0.9894430000000002,13.0
420,0.2727272727272727,0.0909090909090909,11.0,6.098686000000001,11.0
421,0.25000000000000006,0.25000000000000006,12.0,7.841507999999999,12.0
422,0.16666666666666663,0.08333333333333331,12.0,15.080736000000003,12.0
423,0.2142857142857143,0.2142857142857143,14.0,10.356793999999997,14.0
424,0.0,0.0,14.0,18.277910000000002,14.0
425,0.09999999999999999,0.09999999999999999,10.0,3.55744,10.0
426,0.41666666666666674,0.3333333333333334,12.0,7.607699999999998,12.0
427,0.5454545454545455,0.45454545454545453,11.0,18.034148000000002,11.0
428,0.125,0.125,8.0,1.459736,8.0
429,0.41666666666666674,0.41666666666666674,12.0,18.030924,12.0
430,0.06666666666666665,0.06666666666666665,15.0,21.967965000000007,15.0
431,0.22222222222222224,0.22222222222222224,9.0,28.160477999999998,9.0
432,0.7142857142857143,0.5,14.0,30.880513999999994,14.0
433,0.1,0.0,10.0,15.615559999999999,10.0
434,0.16666666666666666,0.08333333333333333,12.0,4.926024,12.0
435,0.25,0.25,12.0,2.301036,12.0
436,0.22222222222222224,0.22222222222222224,9.0,0.38806199999999996,9.0
437,0.20000000000000004,0.20000000000000004,10.0,54.06971999999999,10.0
438,0.19999999999999998,0.09999999999999999,10.0,7.48127,10.0
439,0.21428571428571433,0.14285714285714288,14.0,2.161208,14.0
440,0.22222222222222224,0.22222222222222224,9.0,1.622259,9.0
441,0.19999999999999998,0.19999999999999998,10.0,3.44983,10.0
442,0.26666666666666666,0.26666666666666666,15.0,29.427255,15.0
443,0.5555555555555556,0.4444444444444445,9.0,13.222323,9.0
444,0.0,0.0,9.0,2.431287,9.0
445,0.0769230769230769,0.0769230769230769,13.0,14.566604000000005,13.0
446,0.16666666666666663,0.08333333333333331,12.0,2.9407680000000007,12.0
447,0.2142857142857143,0.2142857142857143,14.0,16.894696,14.0
448,0.3076923076923077,0.2307692307692308,13.0,16.447053999999998,13.0
449,0.14285714285714285,0.14285714285714285,14.0,2.07172,14.0
450,0.0,0.0,11.0,16.891578,11.0
451,0.25,0.25,8.0,1.468288,8.0
452,0.25000000000000006,0.1666666666666667,12.0,13.092911999999997,12.0
453,0.4375,0.3125,16.0,4.473072,16.0
454,0.125,0.0,8.0,2.141432,8.0
455,0.14285714285714288,0.14285714285714288,14.0,0.13904799999999998,14.0
456,0.0,0.0,12.0,6.891048,12.0
457,0.3333333333333333,0.24999999999999994,12.0,4.23378,12.0
458,0.14285714285714288,0.0,14.0,3.379278,14.0
459,0.0,0.0,8.0,14.461792,8.0
460,0.5,0.33333333333333337,12.0,2.201508,12.0
461,0.07692307692307694,0.07692307692307694,13.0,71.18464599999999,13.0
462,0.1428571428571429,0.07142857142857145,14.0,11.219627999999997,14.0
463,0.125,0.125,8.0,18.770648,8.0
464,0.2857142857142857,0.14285714285714285,7.0,9.877322000000001,7.0
465,0.0,0.0,9.0,19.112373,9.0
466,0.22222222222222224,0.11111111111111112,9.0,2.0715749999999997,9.0
467,0.07692307692307693,0.0,13.0,10.394903999999999,13.0
468,0.4615384615384615,0.30769230769230765,13.0,0.150852,13.0
469,0.3076923076923077,0.23076923076923073,13.0,4.352907,13.0
470,0.07692307692307691,0.07692307692307691,13.0,3.955627000000001,13.0
471,0.25,0.16666666666666666,12.0,4.240596,12.0
472,0.09090909090909091,0.09090909090909091,11.0,2.7099379999999997,11.0
473,0.3333333333333333,0.13333333333333333,15.0,1.7875050000000001,15.0
474,0.1818181818181818,0.1818181818181818,11.0,2.0143750000000002,11.0
475,0.42857142857142855,0.2142857142857143,14.0,1.1655280000000001,14.0
476,0.16666666666666663,0.08333333333333331,12.0,2.6522760000000005,12.0
477,0.0,0.0,12.0,38.874984,12.0
478,0.27272727272727276,0.27272727272727276,11.0,23.741134999999996,11.0
479,0.0,0.0,13.0,17.237350000000003,13.0
480,0.11111111111111112,0.11111111111111112,9.0,1.928358,9.0
481,0.1,0.1,10.0,26.15599,10.0
482,0.3333333333333333,0.3333333333333333,9.0,3.672585,9.0
483,0.08333333333333334,0.0,12.0,2.3177759999999994,12.0
484,0.1111111111111111,0.0,9.0,4.815972,9.0
485,0.4615384615384617,0.30769230769230776,13.0,16.422587999999998,13.0
486,0.0,0.0,15.0,5.158049999999999,15.0
487,0.09999999999999999,0.0,10.0,11.902740000000001,10.0
488,0.3846153846153847,0.3076923076923077,13.0,29.030065999999998,13.0
489,0.1,0.1,10.0,7.775049999999999,10.0
490,0.2222222222222222,0.2222222222222222,9.0,1.827441,9.0
491,0.0909090909090909,0.0909090909090909,11.0,5.503795000000001,11.0
492,0.5714285714285714,0.28571428571428575,14.0,3.9502119999999996,14.0
493,0.33333333333333326,0.33333333333333326,12.0,2.1152760000000006,12.0
494,0.5714285714285714,0.2857142857142857,7.0,2.36929,7.0
495,0.1,0.0,10.0,2.03949,10.0
496,0.47058823529411764,0.2941176470588236,17.0,9.360268,17.0
497,0.3125,0.1875,16.0,34.850768,16.0
498,0.15384615384615388,0.15384615384615388,13.0,8.635951999999998,13.0
499,0.1111111111111111,0.1111111111111111,9.0,7.571061,9.0
500,0.16666666666666669,0.08333333333333334,12.0,7.893419999999998,12.0
501,0.1111111111111111,0.0,9.0,2.488788,9.0
502,0.0,0.0,12.0,31.147308,12.0
503,0.15384615384615383,0.15384615384615383,13.0,83.50557800000001,13.0
504,0.0,0.0,8.0,3.709768,8.0
505,0.0,0.0,8.0,2.816848,8.0
506,0.2857142857142857,0.14285714285714285,14.0,0.5610080000000001,14.0
507,0.2222222222222222,0.1111111111111111,9.0,3.785094,9.0
508,0.09090909090909093,0.09090909090909093,11.0,9.866383999999998,11.0
509,0.07142857142857142,0.0,14.0,39.655644,14.0
510,0.08333333333333336,0.0,12.0,11.043599999999998,12.0
511,0.09999999999999999,0.09999999999999999,10.0,0.7425800000000001,10.0
512,0.0,0.0,15.0,5.598839999999998,15.0
513,0.2857142857142857,0.21428571428571427,14.0,41.23252,14.0
514,0.23076923076923078,0.23076923076923078,13.0,7.817875,13.0
515,0.21428571428571422,0.21428571428571422,14.0,3.6605940000000015,14.0
516,0.23076923076923075,0.15384615384615383,13.0,0.13728,13.0
517,0.0,0.0,1.0,0.680956,1.0
518,0.08333333333333331,0.08333333333333331,12.0,20.538540000000005,12.0
519,0.07142857142857141,0.07142857142857141,14.0,22.306900000000006,14.0
520,0.1,0.1,10.0,2.62521,10.0
521,0.4000000000000001,0.33333333333333337,15.0,23.524784999999998,15.0
522,0.0,0.0,12.0,7.717644000000001,12.0
523,0.19999999999999998,0.19999999999999998,10.0,3.6677500000000003,10.0
524,0.1,0.0,10.0,3.48468,10.0
525,0.0,0.0,11.0,24.326346,11.0
526,0.4166666666666665,0.24999999999999997,12.0,5.351520000000002,12.0
527,0.23076923076923073,0.23076923076923073,13.0,1.4571960000000004,13.0
528,0.24999999999999997,0.24999999999999997,12.0,1.3716600000000003,12.0
529,0.18181818181818182,0.09090909090909091,11.0,1.3969449999999999,11.0
530,0.09090909090909091,0.09090909090909091,11.0,17.52773,11.0
531,0.23076923076923073,0.23076923076923073,13.0,5.553028,13.0
532,0.18181818181818177,0.18181818181818177,11.0,3.2390820000000007,11.0
533,0.28571428571428575,0.0,7.0,41.89878699999999,7.0
534,0.09090909090909091,0.09090909090909091,11.0,5.829692,11.0
535,0.0,0.0,15.0,25.76230499999999,15.0
536,0.08333333333333333,0.08333333333333333,12.0,1.793604,12.0
537,0.2222222222222222,0.0,9.0,12.279330000000002,9.0
538,0.30769230769230776,0.2307692307692308,13.0,3.5634299999999994,13.0
539,0.16666666666666669,0.08333333333333334,12.0,10.865604,12.0
540,0.1111111111111111,0.1111111111111111,9.0,6.738993000000001,9.0
541,0.2,0.2,10.0,8.90291,10.0
542,0.2727272727272727,0.18181818181818182,11.0,1.12475,11.0
543,0.3333333333333333,0.1111111111111111,9.0,21.421998,9.0
544,0.25000000000000006,0.08333333333333334,12.0,2.7386039999999996,12.0
545,0.27272727272727276,0.27272727272727276,11.0,0.377575,11.0
546,0.08333333333333333,0.0,12.0,20.151216,12.0
547,0.0769230769230769,0.0,13.0,22.201478000000005,13.0
548,0.25,0.0,8.0,31.41096,8.0
549,0.23076923076923073,0.07692307692307691,13.0,1.8799430000000001,13.0
550,0.07692307692307693,0.0,13.0,4.460703,13.0
551,0.08333333333333333,0.0,12.0,2.184996,12.0
552,0.0,0.0,14.0,1.352246,14.0
553,0.3076923076923077,0.23076923076923078,13.0,1.529983,13.0
554,0.0,0.0,9.0,71.513631,9.0
555,0.0,0.0,11.0,21.680329000000004,11.0
556,0.25000000000000006,0.25000000000000006,12.0,1.9797599999999995,12.0
557,0.16666666666666666,0.08333333333333333,12.0,14.000544000000001,12.0
558,0.09999999999999999,0.09999999999999999,10.0,7.26529,10.0
559,0.13333333333333333,0.06666666666666667,15.0,18.207735,15.0
560,0.07142857142857144,0.07142857142857144,14.0,20.419853999999997,14.0
561,0.0,0.0,10.0,40.466899999999995,10.0
562,0.25,0.25,8.0,2.08796,8.0
563,0.125,0.0,8.0,2.624336,8.0
564,0.07142857142857141,0.07142857142857141,14.0,1.5335040000000002,14.0
565,0.5833333333333331,0.4166666666666666,12.0,7.082556000000001,12.0
566,0.5384615384615387,0.4615384615384616,13.0,19.881887999999996,13.0
567,0.0,0.0,13.0,32.983301,13.0
568,0.1111111111111111,0.1111111111111111,9.0,1.829574,9.0
569,0.29999999999999993,0.19999999999999998,10.0,12.081200000000003,10.0
570,0.27272727272727265,0.0909090909090909,11.0,7.68658,11.0
571,0.15384615384615385,0.07692307692307693,13.0,12.039611999999998,13.0
572,0.08333333333333333,0.08333333333333333,12.0,16.065048,12.0
573,0.0,0.0,8.0,3.835576,8.0
574,0.28571428571428564,0.21428571428571425,14.0,15.140958000000003,14.0
575,0.16666666666666666,0.16666666666666666,6.0,3.6706019999999997,6.0
576,0.0,0.0,11.0,3.4927749999999995,11.0
577,0.1818181818181818,0.1818181818181818,11.0,28.937744000000006,11.0
578,0.3846153846153846,0.30769230769230765,13.0,7.7526280000000005,13.0
579,0.15384615384615385,0.07692307692307693,13.0,3.0814809999999997,13.0
580,0.2727272727272727,0.18181818181818182,11.0,3.201286,11.0
581,0.28571428571428575,0.21428571428571433,14.0,6.875357999999999,14.0
582,0.0,0.0,13.0,2.11237,13.0
583,0.5000000000000001,0.4000000000000001,10.0,1.32062,10.0
584,0.23076923076923078,0.15384615384615385,13.0,1.9993219999999998,13.0
585,0.2,0.13333333333333336,15.0,19.804274999999997,15.0
586,0.25,0.25,8.0,6.3468,8.0
587,0.0,0.0,12.0,8.186580000000001,12.0
588,0.24999999999999997,0.24999999999999997,12.0,1.3849440000000002,12.0
589,0.25,0.25,12.0,2.250624,12.0
590,0.0,0.0,11.0,27.087632,11.0
591,0.23076923076923075,0.23076923076923075,13.0,8.327059,13.0
592,0.07142857142857144,0.07142857142857144,14.0,24.911795999999995,14.0
593,0.2857142857142858,0.21428571428571436,14.0,7.580495999999997,14.0
594,0.0,0.0,13.0,6.656312000000002,13.0
595,0.1818181818181818,0.1818181818181818,11.0,7.947313000000001,11.0
596,0.09090909090909091,0.09090909090909091,11.0,39.384543,11.0
597,0.2857142857142857,0.07142857142857142,14.0,44.715412,14.0
598,0.1111111111111111,0.1111111111111111,9.0,0.36564300000000005,9.0
599,0.35714285714285715,0.21428571428571427,14.0,6.884976,14.0
600,0.16666666666666666,0.16666666666666666,12.0,8.099544,12.0
601,0.125,0.125,8.0,5.04116,8.0
602,0.07692307692307694,0.07692307692307694,13.0,5.595121999999999,13.0
603,0.25,0.0,8.0,4.540848,8.0
604,0.07692307692307691,0.07692307692307691,13.0,44.384158000000006,13.0
605,0.14285714285714285,0.14285714285714285,7.0,2.595187,7.0
606,0.3076923076923077,0.23076923076923078,13.0,3.388983,13.0
607,0.07142857142857144,0.07142857142857144,14.0,13.216783999999999,14.0
608,0.0,0.0,13.0,36.41378,13.0
609,0.18181818181818185,0.18181818181818185,11.0,2.1149479999999996,11.0
610,0.14285714285714288,0.14285714285714288,7.0,0.6759689999999999,7.0
611,0.11111111111111112,0.0,9.0,10.780128,9.0
612,0.0,0.0,5.0,1.2766350000000002,5.0
613,0.19999999999999998,0.0,10.0,14.263440000000001,10.0
614,0.5714285714285714,0.2857142857142857,14.0,2.586528,14.0
615,0.08333333333333334,0.0,12.0,8.919492,12.0
616,0.39999999999999997,0.3,10.0,5.23068,10.0
617,0.125,0.0,8.0,49.66692,8.0
618,0.125,0.125,8.0,1.819768,8.0
619,0.4545454545454545,0.3636363636363636,11.0,1.53208,11.0
620,0.5714285714285714,0.21428571428571427,14.0,12.560394,14.0
621,0.2727272727272727,0.18181818181818182,11.0,1.269576,11.0
622,0.0,0.0,15.0,1.3081199999999997,15.0
623,0.25,0.125,8.0,1.592936,8.0
624,0.3333333333333333,0.3333333333333333,12.0,6.163176,12.0
625,0.3636363636363637,0.18181818181818185,11.0,3.0566909999999994,11.0
626,0.6666666666666667,0.41666666666666674,12.0,3.5730479999999996,12.0
627,0.5714285714285715,0.4285714285714286,7.0,1.6155229999999998,7.0
628,0.0909090909090909,0.0909090909090909,11.0,6.686845,11.0
629,0.33333333333333337,0.33333333333333337,9.0,8.713422,9.0
630,0.20000000000000004,0.20000000000000004,10.0,2.97096,10.0
631,0.09999999999999999,0.09999999999999999,10.0,0.6443500000000001,10.0
632,0.0,0.0,13.0,1.26893,13.0
633,0.1,0.1,10.0,0.73079,10.0
634,0.3076923076923077,0.3076923076923077,13.0,0.9731150000000001,13.0
635,0.16666666666666666,0.16666666666666666,12.0,6.635556,12.0
636,0.25,0.25,8.0,7.514368,8.0
637,0.0,0.0,9.0,5.797773,9.0
638,0.1111111111111111,0.0,9.0,18.819864,9.0
639,0.08333333333333333,0.0,12.0,32.92074,12.0
640,0.0,0.0,6.0,3.966726,6.0
641,0.18181818181818185,0.18181818181818185,11.0,26.626621999999998,11.0
642,0.0,0.0,14.0,7.253470000000002,14.0
643,0.0,0.0,10.0,10.20491,10.0
644,0.38461538461538464,0.38461538461538464,13.0,8.739094,13.0
645,0.30769230769230765,0.15384615384615383,13.0,3.013634,13.0
646,0.2727272727272727,0.18181818181818182,11.0,2.417602,11.0
647,0.2307692307692308,0.15384615384615388,13.0,5.846164999999999,13.0
648,0.08333333333333334,0.08333333333333334,12.0,3.8857919999999995,12.0
649,0.6428571428571429,0.6428571428571429,14.0,0.500416,14.0
650,0.07142857142857142,0.0,14.0,6.972966,14.0
651,0.25,0.16666666666666666,12.0,4.2418320000000005,12.0
652,0.15384615384615383,0.07692307692307691,13.0,3.4765120000000005,13.0
653,0.4166666666666667,0.4166666666666667,12.0,9.025236,12.0
654,0.0,0.0,15.0,8.30817,15.0
655,0.0,0.0,13.0,4.87929,13.0
656,0.3,0.3,10.0,3.42368,10.0
657,0.33333333333333326,0.2222222222222222,9.0,24.001875000000002,9.0
658,0.2,0.1,10.0,1.58585,10.0
659,0.1764705882352941,0.1764705882352941,17.0,8.744307000000001,17.0
660,0.30000000000000004,0.30000000000000004,10.0,6.55885,10.0
661,0.0,0.0,10.0,43.51802,10.0
662,0.6153846153846154,0.46153846153846156,13.0,3.4794370000000003,13.0
663,0.5,0.5,12.0,1.6002720000000001,12.0
664,0.14285714285714285,0.14285714285714285,14.0,7.250152,14.0
665,0.1818181818181818,0.0909090909090909,11.0,9.105602000000001,11.0
666,0.0909090909090909,0.0,11.0,2.6515940000000002,11.0
667,0.5,0.4,10.0,2.35201,10.0
668,0.11111111111111112,0.11111111111111112,9.0,41.875128,9.0
669,0.5714285714285713,0.4285714285714285,7.0,2.0824230000000004,7.0
670,0.1818181818181818,0.1818181818181818,11.0,7.182373000000002,11.0
671,0.13333333333333336,0.06666666666666668,15.0,52.45268999999999,15.0
672,0.24999999999999994,0.08333333333333333,12.0,16.398852,12.0
673,0.16666666666666663,0.16666666666666663,12.0,3.823296000000001,12.0
674,0.49999999999999983,0.16666666666666663,12.0,1.5731880000000003,12.0
675,0.20000000000000007,0.1333333333333334,15.0,3.667199999999999,15.0
676,0.0,0.0,6.0,14.575914,6.0
677,0.16666666666666666,0.16666666666666666,6.0,1.50432,6.0
678,0.09999999999999999,0.0,10.0,9.44004,10.0
679,0.0,0.0,14.0,80.45144800000001,14.0
680,0.1538461538461539,0.07692307692307696,13.0,25.380718999999992,13.0
681,0.2307692307692308,0.2307692307692308,13.0,5.523764999999999,13.0
682,0.3636363636363636,0.3636363636363636,11.0,2.418515,11.0
683,0.2727272727272727,0.0909090909090909,11.0,3.4484120000000003,11.0
684,0.18181818181818182,0.0,11.0,11.261063,11.0
685,0.09090909090909093,0.09090909090909093,11.0,8.725815999999998,11.0
686,0.27272727272727276,0.27272727272727276,11.0,4.559444999999999,11.0
687,0.45454545454545464,0.27272727272727276,11.0,0.8148909999999998,11.0
688,0.0,0.0,9.0,10.080693,9.0
689,0.23076923076923073,0.07692307692307691,13.0,3.6367630000000006,13.0
690,0.16666666666666666,0.16666666666666666,12.0,11.621208000000001,12.0
691,0.15384615384615385,0.15384615384615385,13.0,4.751149,13.0
692,0.2666666666666666,0.19999999999999996,15.0,9.585645000000003,15.0
693,0.0,0.0,10.0,7.146090000000001,10.0
694,0.4615384615384615,0.30769230769230765,13.0,15.426203000000001,13.0
695,0.4,0.4,10.0,2.0300599999999998,10.0
696,0.4444444444444444,0.3333333333333333,9.0,25.010937,9.0
697,0.13333333333333336,0.13333333333333336,15.0,26.496749999999995,15.0
698,0.45454545454545453,0.3636363636363636,11.0,6.786659,11.0
699,0.18181818181818182,0.09090909090909091,11.0,14.938682000000002,11.0
700,0.0,0.0,13.0,19.838572,13.0
701,0.1818181818181818,0.1818181818181818,11.0,3.5893990000000007,11.0
702,0.24999999999999997,0.08333333333333333,12.0,11.162784,12.0
703,0.9,0.7,10.0,0.76237,10.0
704,0.07142857142857144,0.0,14.0,2.4002299999999996,14.0
705,0.1,0.1,10.0,1.3428799999999999,10.0
706,0.1111111111111111,0.1111111111111111,9.0,1.358073,9.0
707,0.28571428571428575,0.14285714285714288,14.0,3.057683999999999,14.0
708,0.3333333333333334,0.2666666666666667,15.0,4.619114999999999,15.0
709,0.30000000000000004,0.30000000000000004,10.0,0.64823,10.0
710,0.1,0.1,10.0,11.41698,10.0
711,0.09090909090909091,0.0,11.0,37.32212,11.0
712,0.5454545454545454,0.45454545454545453,11.0,5.885352,11.0
713,0.18181818181818182,0.18181818181818182,11.0,8.347658000000001,11.0
714,0.0,0.0,15.0,31.999230000000008,15.0
715,0.14285714285714285,0.07142857142857142,14.0,0.777378,14.0
716,0.1111111111111111,0.0,9.0,1.273374,9.0
717,0.06666666666666668,0.0,15.0,9.64524,15.0
718,0.0,0.0,4.0,4.555932,4.0
719,0.2,0.2,5.0,4.09261,5.0
720,0.14285714285714282,0.0,14.0,0.7943740000000002,14.0
721,0.08333333333333333,0.0,12.0,17.822544,12.0
722,0.6,0.6,10.0,6.45843,10.0
723,0.0,0.0,6.0,2.268462,6.0
724,0.14285714285714288,0.14285714285714288,7.0,9.424050999999999,7.0
725,0.0,0.0,10.0,10.813640000000001,10.0
726,0.0,0.0,11.0,0.965591,11.0
727,0.10000000000000002,0.10000000000000002,10.0,4.512599999999999,10.0
728,0.4615384615384617,0.38461538461538475,13.0,7.721102999999998,13.0
729,0.0,0.0,11.0,6.667914000000001,11.0
730,0.3333333333333333,0.08333333333333333,12.0,3.8319000000000005,12.0
731,0.18181818181818182,0.0,11.0,15.480421,11.0
732,0.125,0.125,16.0,31.52624,16.0
733,0.0,0.0,6.0,2.90184,6.0
734,0.0,0.0,9.0,22.241214,9.0
735,0.2857142857142857,0.2857142857142857,7.0,52.098564,7.0
736,0.3333333333333333,0.3333333333333333,12.0,6.9923280000000005,12.0
737,0.36363636363636365,0.2727272727272727,11.0,9.898229,11.0
738,0.3333333333333334,0.1666666666666667,12.0,9.855083999999998,12.0
739,0.0,0.0,12.0,1.4174280000000004,12.0
740,0.39999999999999997,0.19999999999999998,10.0,5.722620000000001,10.0
741,0.625,0.625,8.0,8.87324,8.0
742,0.4166666666666667,0.25,12.0,1.992216,12.0
743,0.30769230769230765,0.15384615384615383,13.0,4.238130000000001,13.0
744,0.1111111111111111,0.0,9.0,16.879806000000002,9.0
745,0.30000000000000004,0.30000000000000004,10.0,1.3034499999999998,10.0
746,0.4,0.3,10.0,3.7328099999999997,10.0
747,0.09090909090909091,0.09090909090909091,11.0,25.756654,11.0
748,0.1,0.1,10.0,2.00622,10.0
749,0.3571428571428571,0.3571428571428571,14.0,8.840804,14.0
750,0.4444444444444445,0.4444444444444445,9.0,1.0107899999999999,9.0
751,0.33333333333333337,0.33333333333333337,12.0,4.8549359999999995,12.0
752,0.4,0.30000000000000004,10.0,4.70343,10.0
753,0.0,0.0,13.0,23.197824000000004,13.0
754,0.16666666666666666,0.08333333333333333,12.0,30.724464000000005,12.0
755,0.42857142857142855,0.42857142857142855,14.0,37.001412,14.0
756,0.15384615384615383,0.0,13.0,39.044993000000005,13.0
757,0.13333333333333336,0.13333333333333336,15.0,10.688759999999998,15.0
758,0.0,0.0,11.0,9.256796999999999,11.0
759,0.09090909090909093,0.0,11.0,2.883132999999999,11.0
760,0.0,0.0,11.0,24.781339000000003,11.0
761,0.19999999999999998,0.19999999999999998,10.0,6.273350000000001,10.0
762,0.25,0.18750000000000003,16.0,49.874848,16.0
763,0.0,0.0,10.0,15.969270000000002,10.0
764,0.25,0.0,4.0,0.742704,4.0
765,0.0,0.0,13.0,12.895571000000004,13.0
766,0.6666666666666666,0.5555555555555556,9.0,0.945423,9.0
767,0.14285714285714288,0.14285714285714288,14.0,1.8268319999999996,14.0
768,0.25,0.25,4.0,2.190596,4.0
769,0.2727272727272727,0.2727272727272727,11.0,2.8786890000000005,11.0
770,0.6153846153846153,0.5384615384615384,13.0,7.7601939999999985,13.0
771,0.16666666666666666,0.08333333333333333,12.0,29.405484,12.0
772,0.11111111111111112,0.11111111111111112,9.0,4.682871,9.0
773,0.24999999999999997,0.24999999999999997,12.0,1.9380240000000002,12.0
774,0.07692307692307693,0.0,13.0,21.938344999999998,13.0
775,0.1428571428571429,0.1428571428571429,14.0,3.7827859999999993,14.0
776,0.0,0.0,13.0,0.5735210000000001,13.0
777,0.25000000000000006,0.25000000000000006,12.0,11.780375999999999,12.0
778,0.0,0.0,11.0,15.662834000000002,11.0
779,0.0,0.0,11.0,12.809863000000002,11.0
780,0.0,0.0,14.0,5.512346,14.0
