LONGNUM,LATNUM,value,size,n_women,cluster_id,variable,meaning
18.22679185,-1.543185872,0.46153846153846145,231.25,13.0,1,D108,Sexual IPV
20.79229693,-6.419753497,0.2,300.0,15.0,2,D108,Sexual IPV
19.58104536,-4.981956007,0.14285714285714282,265.625,14.0,3,D108,Sexual IPV
15.06141125,-5.455590604,0.125,59.375,8.0,4,D108,Sexual IPV
29.11033469,-3.365125231,0.16666666666666669,196.875,12.0,5,D108,Sexual IPV
23.47798695,-10.27621601,0.07142857142857145,265.625,14.0,6,D108,Sexual IPV
26.93301588,-6.043548458,0.0,231.25,13.0,7,D108,Sexual IPV
24.05994863,1.741765088,0.5,196.875,12.0,8,D108,Sexual IPV
25.92706571,-3.92067245,0.6666666666666667,93.75,9.0,9,D108,Sexual IPV
30.94467687,2.318920021,0.5000000000000001,128.125,10.0,10,D108,Sexual IPV
19.11454974,-3.802397495,0.09090909090909091,162.5,11.0,11,D108,Sexual IPV
25.70360679,-8.914075678,0.0,162.5,11.0,12,D108,Sexual IPV
25.89175389,-8.600499515,0.0,196.875,12.0,13,D108,Sexual IPV
29.76111835,-7.392493193,0.1111111111111111,93.75,9.0,14,D108,Sexual IPV
15.37505794,-4.367322973,0.07692307692307691,231.25,13.0,15,D108,Sexual IPV
20.85569099,2.649209258,0.23076923076923078,231.25,13.0,16,D108,Sexual IPV
21.39056859,-4.007804876,0.1538461538461538,231.25,13.0,17,D108,Sexual IPV
19.98659456,-1.552096565,0.42857142857142866,265.625,14.0,18,D108,Sexual IPV
24.84332092,-3.978399786,0.0,93.75,9.0,19,D108,Sexual IPV
26.91945036,-5.363976402,0.27272727272727276,162.5,11.0,20,D108,Sexual IPV
28.27749859,2.214183945,0.0,128.125,10.0,21,D108,Sexual IPV
25.85693348,-9.196588191,0.0,196.875,12.0,22,D108,Sexual IPV
20.14690361,4.283774368,0.19999999999999998,128.125,10.0,23,D108,Sexual IPV
28.84149273,-4.24153126,0.4285714285714285,265.625,14.0,24,D108,Sexual IPV
20.81255095,-5.858582154,0.5,128.125,10.0,25,D108,Sexual IPV
18.54147767,-7.870300151,0.2222222222222222,93.75,9.0,26,D108,Sexual IPV
25.58618841,-7.37670943,0.19999999999999998,128.125,10.0,27,D108,Sexual IPV
23.46118497,-6.625288094,0.3,128.125,10.0,28,D108,Sexual IPV
19.79763271,1.236245283,0.41666666666666663,196.875,12.0,29,D108,Sexual IPV
29.31777283,0.120441194,0.0,300.0,16.0,30,D108,Sexual IPV
26.10689066,-2.451921997,0.0,162.5,11.0,31,D108,Sexual IPV
17.47945857,-6.830237092,0.0,231.25,13.0,32,D108,Sexual IPV
22.83599547,0.206249861,0.45454545454545453,162.5,11.0,33,D108,Sexual IPV
22.74441013,-8.08566,0.19999999999999998,128.125,10.0,34,D108,Sexual IPV
25.21285634,0.515580924,0.07142857142857144,265.625,14.0,35,D108,Sexual IPV
16.23504056,-2.165854066,0.1666666666666667,196.875,12.0,36,D108,Sexual IPV
19.68035599,-2.927382071,0.2222222222222222,93.75,9.0,37,D108,Sexual IPV
25.41313144,-0.351919546,0.16666666666666666,196.875,12.0,38,D108,Sexual IPV
16.79435191,-4.868509261,0.1,128.125,10.0,39,D108,Sexual IPV
22.70690097,-9.757259085,0.08333333333333333,196.875,12.0,40,D108,Sexual IPV
22.90992975,-5.391041221,0.18181818181818182,162.5,11.0,41,D108,Sexual IPV
16.30276191,-3.018548428,0.25,196.875,12.0,42,D108,Sexual IPV
17.5244401,-4.285927902,0.39999999999999997,128.125,10.0,43,D108,Sexual IPV
22.22391338,-0.631749055,0.23076923076923078,231.25,13.0,44,D108,Sexual IPV
21.52351025,2.519281246,0.07142857142857142,265.625,14.0,45,D108,Sexual IPV
15.42231786,-4.416663824,0.0,162.5,11.0,46,D108,Sexual IPV
24.36153885,-7.919710725,0.6,25.0,5.0,47,D108,Sexual IPV
29.2959649,0.085793814,0.125,59.375,8.0,48,D108,Sexual IPV
28.04623273,-1.360603221,0.30000000000000004,128.125,10.0,49,D108,Sexual IPV
19.88255381,1.067605447,0.0,265.625,14.0,50,D108,Sexual IPV
15.49450018,-4.865330514,0.19999999999999998,128.125,10.0,51,D108,Sexual IPV
31.06967883,2.13850291,0.36363636363636365,162.5,11.0,52,D108,Sexual IPV
21.73756067,2.308840129,0.4000000000000001,128.125,10.0,53,D108,Sexual IPV
28.63337488,-2.07360202,0.0,25.0,7.0,54,D108,Sexual IPV
25.45978842,-8.148601624,0.07142857142857144,265.625,14.0,55,D108,Sexual IPV
17.69580196,-4.230572935,0.08333333333333333,196.875,12.0,56,D108,Sexual IPV
20.81179097,-5.413116622,0.30000000000000004,128.125,10.0,57,D108,Sexual IPV
22.73743462,4.229149441,0.15384615384615383,231.25,13.0,58,D108,Sexual IPV
21.21963531,-6.851497351,0.0,300.0,15.0,59,D108,Sexual IPV
19.86821143,4.851609783,0.33333333333333337,25.0,6.0,60,D108,Sexual IPV
29.71746419,-12.226984,0.375,59.375,8.0,61,D108,Sexual IPV
27.03110706,-5.083155414,0.07692307692307691,231.25,13.0,62,D108,Sexual IPV
25.64729896,-7.04957974,0.36363636363636365,162.5,11.0,63,D108,Sexual IPV
23.65988174,-6.510475283,0.19999999999999998,25.0,5.0,64,D108,Sexual IPV
23.48813893,-6.116133995,0.1666666666666667,196.875,12.0,65,D108,Sexual IPV
17.58373881,-4.918590011,0.125,59.375,8.0,66,D108,Sexual IPV
23.50922327,1.213970078,0.3846153846153846,231.25,13.0,67,D108,Sexual IPV
15.4260037,-5.79857867,0.0,196.875,12.0,68,D108,Sexual IPV
26.55601147,-7.971935952,0.2727272727272727,162.5,11.0,69,D108,Sexual IPV
22.49440191,3.963677556,0.23076923076923073,231.25,13.0,70,D108,Sexual IPV
24.05474808,3.467589319,0.0,25.0,7.0,71,D108,Sexual IPV
17.6695134,-2.712555572,0.33333333333333337,196.875,12.0,72,D108,Sexual IPV
16.38181756,-5.276314804,0.2,128.125,10.0,73,D108,Sexual IPV
18.70777888,-1.137735285,0.14285714285714285,25.0,7.0,74,D108,Sexual IPV
19.84006059,-0.768511462,0.30769230769230776,231.25,13.0,75,D108,Sexual IPV
15.23646283,-4.428785403,0.1,128.125,10.0,76,D108,Sexual IPV
22.99735697,-2.896235812,0.2,128.125,10.0,77,D108,Sexual IPV
29.46214485,0.502193592,0.2,128.125,10.0,78,D108,Sexual IPV
30.90159688,2.163194086,0.15384615384615385,231.25,13.0,79,D108,Sexual IPV
26.96861115,-9.816689028,0.0,231.25,13.0,80,D108,Sexual IPV
28.6967021,-1.541498227,0.16666666666666669,196.875,12.0,81,D108,Sexual IPV
18.98354889,-4.738273051,0.3333333333333333,93.75,9.0,82,D108,Sexual IPV
28.01365099,-6.812478045,0.15384615384615385,231.25,13.0,83,D108,Sexual IPV
28.37489779,3.879764897,0.6,25.0,5.0,84,D108,Sexual IPV
26.03607093,-8.952379595,0.0,231.25,13.0,85,D108,Sexual IPV
21.60889295,-7.116499781,0.19999999999999998,300.0,15.0,86,D108,Sexual IPV
18.82201109,-5.054202861,0.0,93.75,9.0,87,D108,Sexual IPV
23.36032027,-3.67528772,0.18181818181818185,162.5,11.0,88,D108,Sexual IPV
28.72421231,-2.848308778,0.30769230769230776,231.25,13.0,89,D108,Sexual IPV
25.46970219,-10.92388334,0.0625,300.0,16.0,90,D108,Sexual IPV
25.71412339,-10.63725194,0.4666666666666669,300.0,15.0,91,D108,Sexual IPV
29.41136213,0.111098995,0.07692307692307691,231.25,13.0,92,D108,Sexual IPV
19.91557241,2.388583255,0.4444444444444445,93.75,9.0,93,D108,Sexual IPV
16.80964132,-6.476046048,0.0,162.5,11.0,94,D108,Sexual IPV
14.68671391,-5.502555417,0.0,128.125,10.0,95,D108,Sexual IPV
28.01511165,-9.672120188,0.2,128.125,10.0,96,D108,Sexual IPV
23.08920544,2.527815094,0.10000000000000002,128.125,10.0,97,D108,Sexual IPV
27.54728524,4.729445842,0.4444444444444445,93.75,9.0,98,D108,Sexual IPV
18.67465408,-0.171875401,0.125,59.375,8.0,99,D108,Sexual IPV
21.26192564,-5.6117633,0.5,59.375,8.0,100,D108,Sexual IPV
19.3141929,2.448924285,0.0,300.0,15.0,101,D108,Sexual IPV
19.59451647,-4.064446272,0.0,25.0,7.0,102,D108,Sexual IPV
29.23879412,3.037164389,0.5,59.375,8.0,103,D108,Sexual IPV
26.40899103,-10.51112313,0.23529411764705882,300.0,17.0,104,D108,Sexual IPV
30.18181775,1.705256026,0.1,128.125,10.0,105,D108,Sexual IPV
18.6063414,-2.540707858,0.19999999999999998,128.125,10.0,106,D108,Sexual IPV
29.28477431,-0.224542005,0.0,162.5,11.0,107,D108,Sexual IPV
15.50019497,-4.36950901,0.06666666666666665,300.0,15.0,108,D108,Sexual IPV
19.16523766,-4.379374431,0.09999999999999999,128.125,10.0,109,D108,Sexual IPV
29.1943761,-1.641230826,0.14285714285714288,265.625,14.0,110,D108,Sexual IPV
24.00200942,-4.067904361,0.15384615384615388,231.25,13.0,111,D108,Sexual IPV
23.6272969,-6.160351991,0.0909090909090909,162.5,11.0,112,D108,Sexual IPV
18.85193291,-4.432436853,0.4444444444444445,93.75,9.0,113,D108,Sexual IPV
19.85411121,-5.696828951,0.30769230769230765,231.25,13.0,114,D108,Sexual IPV
23.62826642,-6.122832,0.125,59.375,8.0,115,D108,Sexual IPV
26.45030795,-1.47449923,0.08333333333333336,196.875,12.0,116,D108,Sexual IPV
25.64985407,3.908777164,0.09999999999999999,128.125,10.0,117,D108,Sexual IPV
23.17008252,4.658785479,0.39999999999999997,128.125,10.0,118,D108,Sexual IPV
25.34943049,-9.635175433,0.35714285714285715,265.625,14.0,119,D108,Sexual IPV
17.88290325,-6.117112633,0.07692307692307691,231.25,13.0,120,D108,Sexual IPV
16.96898703,-4.742405618,0.0,300.0,15.0,121,D108,Sexual IPV
23.95898575,4.507608051,0.2,128.125,10.0,122,D108,Sexual IPV
19.49389299,3.989087822,0.30769230769230765,231.25,13.0,123,D108,Sexual IPV
29.52934347,0.640398681,0.27272727272727276,162.5,11.0,124,D108,Sexual IPV
23.84612459,-2.857753077,0.125,59.375,8.0,125,D108,Sexual IPV
13.4687347,-5.838450564,0.3,128.125,10.0,126,D108,Sexual IPV
27.32116386,-8.352444163,0.07142857142857141,265.625,14.0,127,D108,Sexual IPV
30.22801418,2.137549133,0.1111111111111111,93.75,9.0,128,D108,Sexual IPV
15.07049323,-5.141817226,0.125,59.375,8.0,129,D108,Sexual IPV
22.9339913,-2.259341384,0.1111111111111111,93.75,9.0,130,D108,Sexual IPV
27.55593298,-7.669955873,0.0,59.375,8.0,131,D108,Sexual IPV
23.2373554,-5.241961451,0.07692307692307693,231.25,13.0,132,D108,Sexual IPV
27.59338109,-3.535292201,0.0,59.375,8.0,133,D108,Sexual IPV
24.33445432,-10.48778772,0.33333333333333337,93.75,9.0,134,D108,Sexual IPV
15.27621675,-4.359867354,0.11111111111111112,93.75,9.0,135,D108,Sexual IPV
23.81889075,-7.1092434,0.23076923076923073,231.25,13.0,136,D108,Sexual IPV
25.9194415,-9.783310585,0.25,300.0,16.0,137,D108,Sexual IPV
20.52270322,3.078716839,0.3333333333333334,300.0,15.0,138,D108,Sexual IPV
23.71444582,-7.183218327,0.6000000000000001,128.125,10.0,139,D108,Sexual IPV
23.70387508,-6.39582672,0.36363636363636365,162.5,11.0,140,D108,Sexual IPV
15.32921011,-4.408923178,0.0,25.0,7.0,141,D108,Sexual IPV
24.85255088,-6.007437037,0.07692307692307694,231.25,13.0,142,D108,Sexual IPV
21.91762759,1.214395144,0.08333333333333334,196.875,12.0,143,D108,Sexual IPV
30.84914243,2.939718813,0.0,162.5,11.0,144,D108,Sexual IPV
22.7698107,-0.798729953,0.5000000000000001,196.875,12.0,145,D108,Sexual IPV
20.10019246,3.201091751,0.0,196.875,12.0,146,D108,Sexual IPV
28.99133841,-0.263022616,0.19999999999999998,25.0,5.0,147,D108,Sexual IPV
23.45830368,-5.091853368,0.07692307692307693,231.25,13.0,148,D108,Sexual IPV
24.88549915,-3.669887064,0.25,59.375,8.0,149,D108,Sexual IPV
24.32413177,0.157663345,0.33333333333333326,300.0,15.0,150,D108,Sexual IPV
19.07014749,-1.207756697,0.09090909090909091,162.5,11.0,152,D108,Sexual IPV
26.92090815,-7.81429024,0.14285714285714288,25.0,7.0,153,D108,Sexual IPV
27.84626193,-7.459642003,0.0,128.125,10.0,154,D108,Sexual IPV
29.95639578,1.340668894,0.0,93.75,9.0,155,D108,Sexual IPV
25.48515259,-10.70247591,0.07692307692307691,231.25,13.0,156,D108,Sexual IPV
15.42438576,-4.410236601,0.0,128.125,10.0,157,D108,Sexual IPV
17.09848018,-5.025482442,0.15384615384615385,231.25,13.0,158,D108,Sexual IPV
25.49228786,-1.270055792,0.11111111111111112,93.75,9.0,159,D108,Sexual IPV
24.1574606,-6.444953217,0.16666666666666666,196.875,12.0,160,D108,Sexual IPV
19.77723414,3.250374586,0.16666666666666669,196.875,12.0,161,D108,Sexual IPV
28.56572733,3.618056545,0.5,59.375,8.0,162,D108,Sexual IPV
29.23008108,-1.661807649,0.4,128.125,10.0,163,D108,Sexual IPV
20.55801075,2.36317574,0.375,300.0,16.0,164,D108,Sexual IPV
17.97613472,-3.725421279,0.1111111111111111,93.75,9.0,165,D108,Sexual IPV
17.77672741,-7.54654959,0.0,231.25,13.0,166,D108,Sexual IPV
15.34467645,-4.389954433,0.0,59.375,8.0,167,D108,Sexual IPV
15.38225969,-4.427258787,0.07692307692307693,231.25,13.0,168,D108,Sexual IPV
15.36321448,-4.370325276,0.0,93.75,9.0,169,D108,Sexual IPV
27.14375009,-4.676874661,0.07142857142857142,265.625,14.0,170,D108,Sexual IPV
19.22886702,2.802905976,0.08333333333333334,196.875,12.0,171,D108,Sexual IPV
17.641091,-3.143278993,0.08333333333333331,196.875,12.0,172,D108,Sexual IPV
16.80714228,-6.082693138,0.14285714285714288,25.0,7.0,173,D108,Sexual IPV
27.52116589,-11.63676241,0.09090909090909091,162.5,11.0,174,D108,Sexual IPV
26.80429841,-7.581904311,0.1666666666666667,196.875,12.0,175,D108,Sexual IPV
23.44701253,0.315817785,0.5,59.375,8.0,176,D108,Sexual IPV
29.14272539,-3.123397163,0.16666666666666669,196.875,12.0,177,D108,Sexual IPV
23.18084411,-3.652053484,0.3571428571428571,265.625,14.0,178,D108,Sexual IPV
20.16350676,3.305212768,0.1875,300.0,16.0,179,D108,Sexual IPV
15.41158492,-5.06411317,0.0,25.0,6.0,180,D108,Sexual IPV
28.56287064,3.594950325,0.5454545454545454,162.5,11.0,181,D108,Sexual IPV
26.87814591,-10.99719019,0.14285714285714285,25.0,7.0,182,D108,Sexual IPV
21.67206293,4.155268588,0.25,300.0,16.0,183,D108,Sexual IPV
20.88244068,-7.079819196,0.18181818181818185,162.5,11.0,184,D108,Sexual IPV
18.41196674,-0.607882214,0.19999999999999998,128.125,10.0,185,D108,Sexual IPV
30.6869832,3.178124042,0.0,128.125,10.0,186,D108,Sexual IPV
15.40176682,-4.393138732,0.0,231.25,13.0,187,D108,Sexual IPV
28.35837447,2.614936749,0.09999999999999999,128.125,10.0,188,D108,Sexual IPV
23.56361458,-6.150033366,0.19999999999999998,128.125,10.0,189,D108,Sexual IPV
17.65481767,-3.610493627,0.0,231.25,13.0,190,D108,Sexual IPV
14.17132567,-5.754416596,0.08333333333333334,196.875,12.0,191,D108,Sexual IPV
28.97370576,-1.644847035,0.0,162.5,11.0,192,D108,Sexual IPV
18.68161476,3.359146853,0.0,300.0,15.0,193,D108,Sexual IPV
24.4275265,-5.124401743,0.23076923076923075,231.25,13.0,194,D108,Sexual IPV
19.32927707,-2.55867673,0.3846153846153847,231.25,13.0,195,D108,Sexual IPV
15.28411817,-4.348061639,0.0,25.0,5.0,196,D108,Sexual IPV
21.55922842,-6.569617392,0.5384615384615384,231.25,13.0,197,D108,Sexual IPV
23.96427454,0.800744219,0.3636363636363636,162.5,11.0,198,D108,Sexual IPV
23.5877072,-7.789532836,0.5833333333333334,196.875,12.0,199,D108,Sexual IPV
20.8806506,3.325108669,0.19999999999999998,128.125,10.0,200,D108,Sexual IPV
18.11962266,-3.236156853,0.375,59.375,8.0,201,D108,Sexual IPV
30.25731094,3.670798054,0.5,25.0,2.0,202,D108,Sexual IPV
23.51705727,-6.637374522,0.0,25.0,7.0,203,D108,Sexual IPV
29.15891823,0.166336375,0.1111111111111111,93.75,9.0,204,D108,Sexual IPV
18.52665972,2.755677841,0.0,128.125,10.0,205,D108,Sexual IPV
15.36591714,-4.414684582,0.0,93.75,9.0,206,D108,Sexual IPV
27.89534325,3.707546791,0.19999999999999998,25.0,5.0,207,D108,Sexual IPV
23.12390638,-5.412472865,0.07692307692307693,231.25,13.0,208,D108,Sexual IPV
16.20981301,-3.189765256,0.23076923076923075,231.25,13.0,209,D108,Sexual IPV
17.6952016,-4.559839892,0.1111111111111111,93.75,9.0,210,D108,Sexual IPV
26.34145835,-7.940257552,0.27272727272727276,162.5,11.0,211,D108,Sexual IPV
22.48970422,-10.55289339,0.2142857142857143,265.625,14.0,212,D108,Sexual IPV
23.82786042,-6.614299645,0.4,128.125,10.0,213,D108,Sexual IPV
21.06301978,1.513098832,0.25000000000000006,196.875,12.0,214,D108,Sexual IPV
27.3640741,2.728156253,0.4444444444444444,93.75,9.0,215,D108,Sexual IPV
15.34578397,-4.42997665,0.07692307692307691,231.25,13.0,216,D108,Sexual IPV
30.10551715,1.62234348,0.19999999999999998,25.0,5.0,217,D108,Sexual IPV
23.61529734,-4.967001888,0.3636363636363636,162.5,11.0,218,D108,Sexual IPV
23.47293123,-1.699759584,0.6363636363636364,162.5,11.0,219,D108,Sexual IPV
25.14692529,0.532820804,0.36363636363636365,162.5,11.0,220,D108,Sexual IPV
25.89515333,-3.24762733,0.16666666666666666,196.875,12.0,221,D108,Sexual IPV
20.63681075,0.022112749,0.09090909090909091,162.5,11.0,222,D108,Sexual IPV
15.32616358,-4.345835213,0.0,93.75,9.0,223,D108,Sexual IPV
24.38580137,1.714224553,0.14285714285714285,265.625,14.0,224,D108,Sexual IPV
18.26635721,0.044673402,0.22222222222222224,93.75,9.0,225,D108,Sexual IPV
25.85503148,-9.198391207,0.0,196.875,12.0,226,D108,Sexual IPV
28.27691498,-3.052608601,0.5454545454545455,162.5,11.0,227,D108,Sexual IPV
29.15866567,-0.828757698,0.16666666666666669,25.0,6.0,228,D108,Sexual IPV
23.42578325,-4.964434063,0.5555555555555556,93.75,9.0,229,D108,Sexual IPV
22.02102418,-6.574862346,0.5454545454545454,162.5,11.0,230,D108,Sexual IPV
23.07272858,-5.779536728,0.30769230769230765,231.25,13.0,231,D108,Sexual IPV
19.39323124,2.890844823,0.16666666666666666,25.0,6.0,232,D108,Sexual IPV
29.20187635,-0.247481786,0.0,162.5,11.0,233,D108,Sexual IPV
29.72548278,-7.075898032,0.0,59.375,8.0,234,D108,Sexual IPV
19.98709266,4.257285762,0.0,25.0,6.0,235,D108,Sexual IPV
25.91206545,-2.933042562,0.0,128.125,10.0,236,D108,Sexual IPV
23.7846279,-6.815822967,0.1111111111111111,93.75,9.0,237,D108,Sexual IPV
17.41319549,-6.921865051,0.07142857142857144,265.625,14.0,238,D108,Sexual IPV
28.58050573,-9.649045047,0.14285714285714288,265.625,14.0,239,D108,Sexual IPV
26.76749534,-8.030020069,0.2,128.125,10.0,240,D108,Sexual IPV
27.4816136,-11.69736109,0.3636363636363636,162.5,11.0,241,D108,Sexual IPV
27.46370143,-11.70745194,0.25,59.375,8.0,242,D108,Sexual IPV
23.69113653,-7.905646661,0.08333333333333331,196.875,12.0,243,D108,Sexual IPV
20.13487454,3.687894039,0.28571428571428564,265.625,14.0,244,D108,Sexual IPV
25.12347551,-6.123375797,0.08333333333333333,196.875,12.0,245,D108,Sexual IPV
24.97984618,-8.731183306,0.07692307692307694,231.25,13.0,246,D108,Sexual IPV
21.62693943,-0.488470981,0.5,265.625,14.0,247,D108,Sexual IPV
19.94563488,-4.646981545,0.06666666666666668,300.0,15.0,248,D108,Sexual IPV
27.16354629,-2.889797164,0.0,196.875,12.0,249,D108,Sexual IPV
12.95098411,-5.00808605,0.08333333333333333,196.875,12.0,250,D108,Sexual IPV
22.62911334,-9.154768885,0.09090909090909091,162.5,11.0,251,D108,Sexual IPV
26.44576764,-4.026820328,0.19999999999999998,128.125,10.0,252,D108,Sexual IPV
19.01743627,-7.820394315,0.0,196.875,12.0,253,D108,Sexual IPV
30.23653751,1.553550311,0.0,25.0,6.0,254,D108,Sexual IPV
23.73570193,-6.24456319,0.3333333333333333,196.875,12.0,255,D108,Sexual IPV
18.22805176,-0.000219031,0.2,128.125,10.0,256,D108,Sexual IPV
23.86799944,3.373764231,0.0,128.125,10.0,257,D108,Sexual IPV
23.62013915,-6.118255571,0.21428571428571436,265.625,14.0,258,D108,Sexual IPV
29.06967137,-1.936208514,0.16666666666666666,196.875,12.0,259,D108,Sexual IPV
23.22811516,-6.793774492,0.4444444444444445,93.75,9.0,260,D108,Sexual IPV
19.25982122,-0.61703873,0.375,59.375,8.0,261,D108,Sexual IPV
27.97556591,-4.564351725,0.0,231.25,13.0,262,D108,Sexual IPV
25.04999383,-6.218405155,0.27272727272727276,162.5,11.0,263,D108,Sexual IPV
18.72481885,-1.503885769,0.07142857142857142,265.625,14.0,264,D108,Sexual IPV
22.13826849,2.54139474,0.3,128.125,10.0,265,D108,Sexual IPV
29.78664213,0.891643842,0.13333333333333333,300.0,15.0,266,D108,Sexual IPV
17.16019804,-1.199863102,0.13333333333333333,300.0,15.0,267,D108,Sexual IPV
27.38596317,-11.47845649,0.125,300.0,16.0,268,D108,Sexual IPV
29.25853631,-6.120672096,0.30769230769230765,231.25,13.0,269,D108,Sexual IPV
22.1646158,-5.132672441,0.25,196.875,12.0,270,D108,Sexual IPV
27.6107667,-7.162054082,0.0,231.25,13.0,271,D108,Sexual IPV
22.80106559,0.175168641,0.375,59.375,8.0,272,D108,Sexual IPV
27.60418402,2.772297969,0.5555555555555556,93.75,9.0,273,D108,Sexual IPV
19.31925348,-5.72957517,0.14285714285714288,25.0,7.0,274,D108,Sexual IPV
26.69334975,-7.18320535,0.08333333333333333,196.875,12.0,275,D108,Sexual IPV
22.20564314,-6.871900455,0.27272727272727276,162.5,11.0,276,D108,Sexual IPV
29.82040267,4.014058164,0.2,25.0,5.0,277,D108,Sexual IPV
23.68232862,-6.030078861,0.0,162.5,11.0,278,D108,Sexual IPV
24.59642094,-6.440334842,0.14285714285714285,25.0,7.0,279,D108,Sexual IPV
20.59305467,-4.329302299,0.28571428571428575,265.625,14.0,280,D108,Sexual IPV
24.77498422,-5.031318774,0.0,128.125,10.0,281,D108,Sexual IPV
21.41753932,-6.197899608,0.0,128.125,10.0,282,D108,Sexual IPV
18.2506802,0.034439759,0.16666666666666663,196.875,12.0,283,D108,Sexual IPV
20.80502845,-4.014700463,0.0,196.875,12.0,284,D108,Sexual IPV
23.83563641,-6.70448941,0.30000000000000004,128.125,10.0,285,D108,Sexual IPV
30.58390708,3.150299738,0.16666666666666663,196.875,12.0,286,D108,Sexual IPV
16.65004067,-5.309971553,0.08333333333333331,196.875,12.0,287,D108,Sexual IPV
27.07995497,-4.85290331,0.22222222222222224,93.75,9.0,288,D108,Sexual IPV
27.47190299,-11.71122372,0.0,162.5,11.0,289,D108,Sexual IPV
24.12650901,-10.43882177,0.23076923076923075,231.25,13.0,290,D108,Sexual IPV
19.31839271,2.550483289,0.0666666666666667,300.0,15.0,291,D108,Sexual IPV
22.20869724,3.291826414,0.15384615384615385,231.25,13.0,292,D108,Sexual IPV
15.34867852,-4.411902709,0.0,162.5,11.0,293,D108,Sexual IPV
27.52961879,-11.6379208,0.16666666666666666,25.0,6.0,294,D108,Sexual IPV
22.55297109,3.994663531,0.21428571428571433,265.625,14.0,295,D108,Sexual IPV
25.8345792,4.031010548,0.10000000000000002,128.125,10.0,296,D108,Sexual IPV
28.69849345,-1.785154386,0.0,265.625,14.0,297,D108,Sexual IPV
19.65549477,-5.013142821,0.1333333333333333,300.0,15.0,298,D108,Sexual IPV
12.95133843,-5.270355021,0.29999999999999993,128.125,10.0,299,D108,Sexual IPV
22.40959998,-8.277620676,0.08333333333333334,196.875,12.0,300,D108,Sexual IPV
19.98988373,-5.306876303,0.0,128.125,10.0,301,D108,Sexual IPV
18.23874467,0.042497346,0.0,196.875,12.0,302,D108,Sexual IPV
20.2284492,0.992808493,0.30000000000000004,128.125,10.0,303,D108,Sexual IPV
26.36091868,-3.681929594,0.5000000000000001,196.875,12.0,304,D108,Sexual IPV
20.84462153,-7.187226057,0.08333333333333331,196.875,12.0,305,D108,Sexual IPV
26.93948727,-8.198282172,0.07692307692307693,231.25,13.0,306,D108,Sexual IPV
23.69091226,-6.151807009,0.375,59.375,8.0,307,D108,Sexual IPV
23.47918913,-7.000967089,0.22222222222222224,93.75,9.0,308,D108,Sexual IPV
25.38334167,-10.75737274,0.2727272727272727,162.5,11.0,309,D108,Sexual IPV
28.37756564,-1.734515183,0.1818181818181818,162.5,11.0,310,D108,Sexual IPV
15.31139051,-4.390229267,0.0,162.5,11.0,311,D108,Sexual IPV
18.31857361,-3.233191353,0.375,59.375,8.0,312,D108,Sexual IPV
22.54578314,-5.755267337,0.3333333333333333,196.875,12.0,313,D108,Sexual IPV
20.54162264,1.3656818,0.14285714285714288,25.0,7.0,314,D108,Sexual IPV
19.20457966,-7.27732463,0.08333333333333336,196.875,12.0,315,D108,Sexual IPV
18.86885955,-3.276571568,0.24999999999999997,196.875,12.0,316,D108,Sexual IPV
26.61935831,-2.594399315,0.2,128.125,10.0,317,D108,Sexual IPV
20.49976092,2.231829644,0.6363636363636364,162.5,11.0,318,D108,Sexual IPV
28.51464319,-2.955010876,0.45454545454545453,162.5,11.0,319,D108,Sexual IPV
25.22453332,0.902336689,0.2,128.125,10.0,320,D108,Sexual IPV
30.83614446,2.078863019,0.0,128.125,10.0,321,D108,Sexual IPV
26.25380074,-6.694027322,0.0,128.125,10.0,322,D108,Sexual IPV
19.93879767,2.391845342,0.28571428571428575,265.625,14.0,323,D108,Sexual IPV
29.54784468,3.047166523,0.0,25.0,7.0,324,D108,Sexual IPV
24.47866187,-6.148456079,0.14285714285714288,25.0,7.0,325,D108,Sexual IPV
13.04382492,-5.834491768,0.0,25.0,7.0,326,D108,Sexual IPV
19.69536037,2.643898141,0.42857142857142866,265.625,14.0,327,D108,Sexual IPV
22.4660071,2.194577848,0.30769230769230776,231.25,13.0,328,D108,Sexual IPV
20.45524001,0.158942745,0.1666666666666667,196.875,12.0,329,D108,Sexual IPV
28.82569167,-2.800956548,0.08333333333333331,196.875,12.0,330,D108,Sexual IPV
29.28826559,0.124719377,0.0,162.5,11.0,331,D108,Sexual IPV
26.33832165,-10.6208001,0.23076923076923073,231.25,13.0,332,D108,Sexual IPV
26.47058166,-4.815299841,0.4615384615384617,231.25,13.0,333,D108,Sexual IPV
30.11243861,3.38534851,0.6666666666666666,25.0,3.0,334,D108,Sexual IPV
24.83443931,-3.115447249,0.0,162.5,11.0,335,D108,Sexual IPV
29.76893158,3.13643006,0.39999999999999997,128.125,10.0,336,D108,Sexual IPV
30.73819186,1.892160766,0.1666666666666666,196.875,12.0,337,D108,Sexual IPV
15.40728042,-5.479581097,0.0,128.125,10.0,338,D108,Sexual IPV
13.08080122,-4.764960743,0.0,196.875,12.0,339,D108,Sexual IPV
22.0699527,-6.007601404,0.33333333333333337,196.875,12.0,340,D108,Sexual IPV
27.72080946,-12.24943933,0.5,59.375,8.0,341,D108,Sexual IPV
19.22895975,3.188716608,0.0,25.0,6.0,342,D108,Sexual IPV
22.37803533,-5.01666197,0.07142857142857141,265.625,14.0,343,D108,Sexual IPV
18.61056898,-4.551280373,0.07692307692307693,231.25,13.0,344,D108,Sexual IPV
20.70108103,-0.468827288,0.6153846153846154,231.25,13.0,345,D108,Sexual IPV
15.35964344,-4.383874921,0.18181818181818185,162.5,11.0,346,D108,Sexual IPV
28.35820243,-4.192708407,0.1111111111111111,93.75,9.0,347,D108,Sexual IPV
27.63859414,2.771376579,0.36363636363636365,162.5,11.0,348,D108,Sexual IPV
18.77302451,4.117802585,0.15384615384615388,231.25,13.0,349,D108,Sexual IPV
23.64736199,-3.316327485,0.36363636363636365,162.5,11.0,350,D108,Sexual IPV
23.48187236,-5.590262183,0.09090909090909091,162.5,11.0,351,D108,Sexual IPV
23.59044261,-6.115454727,0.30000000000000004,128.125,10.0,352,D108,Sexual IPV
26.58050646,-8.548571467,0.0,265.625,14.0,353,D108,Sexual IPV
22.95588346,-5.778422745,0.2727272727272727,162.5,11.0,354,D108,Sexual IPV
18.69804298,-4.030236333,0.1111111111111111,93.75,9.0,355,D108,Sexual IPV
25.54897855,-10.62526388,0.16666666666666663,196.875,12.0,356,D108,Sexual IPV
25.19631766,0.525577693,0.33333333333333326,196.875,12.0,357,D108,Sexual IPV
17.92019847,-4.783570191,0.0,93.75,9.0,358,D108,Sexual IPV
18.162292,-5.747241209,0.11111111111111112,93.75,9.0,359,D108,Sexual IPV
28.71701556,-1.516323604,0.3636363636363636,162.5,11.0,360,D108,Sexual IPV
22.50911893,-1.185392719,0.6666666666666666,93.75,9.0,361,D108,Sexual IPV
15.2932243,-4.366050707,0.0,25.0,7.0,362,D108,Sexual IPV
19.24023131,4.93247793,0.125,59.375,8.0,363,D108,Sexual IPV
30.78906407,3.415066625,0.09090909090909091,162.5,11.0,364,D108,Sexual IPV
27.31266433,-2.701389547,0.0,231.25,13.0,365,D108,Sexual IPV
17.33347224,-7.686857015,0.0,59.375,8.0,366,D108,Sexual IPV
27.61232821,2.780317088,0.09999999999999999,128.125,10.0,367,D108,Sexual IPV
26.55590726,-2.473584269,0.0,162.5,11.0,368,D108,Sexual IPV
26.37972537,-8.98432268,0.0,231.25,13.0,369,D108,Sexual IPV
13.20528646,-5.468614576,0.125,59.375,8.0,370,D108,Sexual IPV
22.58734167,-3.701021875,0.0,162.5,11.0,371,D108,Sexual IPV
29.8711412,1.459163312,0.15384615384615383,231.25,13.0,372,D108,Sexual IPV
15.19171556,-5.354424323,0.08333333333333334,196.875,12.0,373,D108,Sexual IPV
23.53462997,-4.946088476,0.0,196.875,12.0,374,D108,Sexual IPV
16.45148066,-2.02745392,0.11764705882352942,300.0,17.0,375,D108,Sexual IPV
28.83656974,-2.464984275,0.09999999999999999,128.125,10.0,376,D108,Sexual IPV
23.76672437,-0.702041334,0.30000000000000004,128.125,10.0,377,D108,Sexual IPV
20.12230172,-5.839979924,0.2857142857142857,265.625,14.0,378,D108,Sexual IPV
24.36414324,-4.026806539,0.0,162.5,11.0,379,D108,Sexual IPV
19.721504,-5.889814087,0.19999999999999998,128.125,10.0,380,D108,Sexual IPV
21.69358618,-5.787365549,0.0,231.25,13.0,381,D108,Sexual IPV
25.89637869,-6.045524154,0.25000000000000006,196.875,12.0,382,D108,Sexual IPV
18.02574116,-4.193712989,0.28571428571428575,25.0,7.0,383,D108,Sexual IPV
30.84755134,2.158801889,0.0,196.875,12.0,384,D108,Sexual IPV
24.19169589,-4.13671828,0.16666666666666669,196.875,12.0,385,D108,Sexual IPV
22.68154072,1.918876032,0.3,128.125,10.0,386,D108,Sexual IPV
24.04226241,0.712786489,0.18181818181818185,162.5,11.0,387,D108,Sexual IPV
23.57944457,-6.102242033,0.375,59.375,8.0,388,D108,Sexual IPV
22.45968233,4.097317523,0.07692307692307691,231.25,13.0,389,D108,Sexual IPV
14.36875385,-4.950914383,0.0,128.125,10.0,390,D108,Sexual IPV
29.41431624,0.446841934,0.1111111111111111,93.75,9.0,391,D108,Sexual IPV
16.1052345,-5.848040085,0.0,93.75,9.0,392,D108,Sexual IPV
23.35908259,-2.346350389,0.0,196.875,12.0,393,D108,Sexual IPV
29.07859679,-1.984035965,0.0,162.5,11.0,394,D108,Sexual IPV
20.29509741,4.769549898,0.3333333333333333,196.875,12.0,395,D108,Sexual IPV
20.68136105,-1.735940191,0.38461538461538475,231.25,13.0,396,D108,Sexual IPV
22.63745538,-8.361019608,0.2727272727272727,162.5,11.0,397,D108,Sexual IPV
22.25807901,2.299650299,0.0,231.25,13.0,399,D108,Sexual IPV
23.77777105,2.740900588,0.25,196.875,12.0,400,D108,Sexual IPV
26.47555529,-3.992388663,0.1,128.125,10.0,401,D108,Sexual IPV
27.68338932,-4.681001943,0.0,162.5,11.0,402,D108,Sexual IPV
29.17250857,-0.625402593,0.0,59.375,8.0,403,D108,Sexual IPV
19.41598786,-3.421207852,0.4,128.125,10.0,404,D108,Sexual IPV
24.45624321,0.833595326,0.28571428571428564,265.625,14.0,405,D108,Sexual IPV
25.50000117,-10.722267,0.0,93.75,9.0,406,D108,Sexual IPV
24.75780714,2.815710564,0.07692307692307691,231.25,13.0,407,D108,Sexual IPV
23.01541491,-10.62512953,0.07142857142857144,265.625,14.0,408,D108,Sexual IPV
13.54841193,-5.240788076,0.0,25.0,7.0,409,D108,Sexual IPV
29.54616056,3.030879754,0.2857142857142857,25.0,7.0,410,D108,Sexual IPV
27.71631025,2.819458612,0.625,59.375,8.0,411,D108,Sexual IPV
18.91542027,-1.484006617,0.13333333333333333,300.0,15.0,412,D108,Sexual IPV
18.65035747,-4.820641291,0.0,59.375,8.0,413,D108,Sexual IPV
22.26077551,-0.444482596,0.1,128.125,10.0,414,D108,Sexual IPV
21.32594749,-6.191183101,0.08333333333333334,196.875,12.0,415,D108,Sexual IPV
25.49877312,-10.69324982,0.25,196.875,12.0,416,D108,Sexual IPV
26.60002924,-5.630320604,0.07692307692307694,231.25,13.0,417,D108,Sexual IPV
19.81501921,2.954061348,0.23076923076923078,231.25,13.0,418,D108,Sexual IPV
23.46003909,-10.38178971,0.0,231.25,13.0,419,D108,Sexual IPV
23.92838759,0.300303251,0.1818181818181818,162.5,11.0,420,D108,Sexual IPV
27.55129503,-11.64230765,0.25000000000000006,196.875,12.0,421,D108,Sexual IPV
20.56547978,-4.257650884,0.16666666666666663,196.875,12.0,422,D108,Sexual IPV
24.46993223,-6.140902637,0.2142857142857143,265.625,14.0,423,D108,Sexual IPV
30.61795391,1.976384375,0.0,265.625,14.0,424,D108,Sexual IPV
22.8117703,-9.257057354,0.09999999999999999,128.125,10.0,425,D108,Sexual IPV
23.67855325,-6.698492494,0.41666666666666674,196.875,12.0,426,D108,Sexual IPV
22.85429306,-6.07878156,0.45454545454545453,162.5,11.0,427,D108,Sexual IPV
22.17269614,0.987873422,0.125,59.375,8.0,428,D108,Sexual IPV
30.48449197,1.455734191,0.41666666666666674,196.875,12.0,429,D108,Sexual IPV
27.50299757,-11.68237713,0.06666666666666665,300.0,15.0,430,D108,Sexual IPV
30.08737445,1.357959521,0.22222222222222224,93.75,9.0,431,D108,Sexual IPV
21.92255579,-7.1614364,0.6428571428571429,265.625,14.0,432,D108,Sexual IPV
21.01019847,-6.467919737,0.1,128.125,10.0,433,D108,Sexual IPV
23.22868448,-6.277640933,0.16666666666666666,196.875,12.0,434,D108,Sexual IPV
24.42334583,-4.763415275,0.25,196.875,12.0,435,D108,Sexual IPV
16.79073403,-2.762935123,0.22222222222222224,93.75,9.0,436,D108,Sexual IPV
26.73020589,-10.96614611,0.20000000000000004,128.125,10.0,437,D108,Sexual IPV
13.78258084,-4.48747414,0.19999999999999998,128.125,10.0,438,D108,Sexual IPV
22.69209803,3.880742122,0.14285714285714288,265.625,14.0,439,D108,Sexual IPV
29.23477328,-1.675666279,0.22222222222222224,93.75,9.0,440,D108,Sexual IPV
29.14739833,-3.374012495,0.19999999999999998,128.125,10.0,441,D108,Sexual IPV
22.55924805,-6.297698574,0.26666666666666666,300.0,15.0,442,D108,Sexual IPV
25.58185526,-4.282307432,0.5555555555555556,93.75,9.0,443,D108,Sexual IPV
28.01128178,-5.956694127,0.0,93.75,9.0,444,D108,Sexual IPV
27.44535131,-5.302835324,0.0769230769230769,231.25,13.0,445,D108,Sexual IPV
27.60747578,-9.880256452,0.16666666666666663,196.875,12.0,446,D108,Sexual IPV
29.15531171,-4.553107721,0.2142857142857143,265.625,14.0,447,D108,Sexual IPV
20.09858565,-2.37483257,0.2307692307692308,231.25,13.0,448,D108,Sexual IPV
22.5567913,2.906046426,0.14285714285714285,265.625,14.0,449,D108,Sexual IPV
18.53378207,-4.604064347,0.0,162.5,11.0,450,D108,Sexual IPV
23.7088707,3.827155412,0.25,59.375,8.0,451,D108,Sexual IPV
26.25758815,-1.031479125,0.1666666666666667,196.875,12.0,452,D108,Sexual IPV
21.33679187,1.871113476,0.4375,300.0,16.0,453,D108,Sexual IPV
27.41296037,-11.86173989,0.125,59.375,8.0,454,D108,Sexual IPV
23.9204308,3.270768901,0.14285714285714288,265.625,14.0,455,D108,Sexual IPV
18.66232184,3.495784669,0.0,196.875,12.0,456,D108,Sexual IPV
18.25953444,0.038713501,0.24999999999999994,196.875,12.0,457,D108,Sexual IPV
27.59098857,1.34183167,0.14285714285714288,265.625,14.0,458,D108,Sexual IPV
15.29873821,-4.375076436,0.0,59.375,8.0,459,D108,Sexual IPV
21.54887895,1.99477519,0.33333333333333337,196.875,12.0,460,D108,Sexual IPV
21.47785151,-6.098035774,0.07692307692307694,231.25,13.0,461,D108,Sexual IPV
27.42421896,1.150438957,0.1428571428571429,265.625,14.0,462,D108,Sexual IPV
12.66417826,-5.055809339,0.125,59.375,8.0,463,D108,Sexual IPV
22.40441807,-5.872904715,0.2857142857142857,25.0,7.0,464,D108,Sexual IPV
26.01841492,-6.879141929,0.0,93.75,9.0,465,D108,Sexual IPV
28.61576972,-12.73689109,0.22222222222222224,93.75,9.0,466,D108,Sexual IPV
12.84193129,-5.096729026,0.07692307692307693,231.25,13.0,467,D108,Sexual IPV
23.91386726,3.267955463,0.3846153846153846,231.25,13.0,468,D108,Sexual IPV
21.72330595,2.561847294,0.3076923076923077,231.25,13.0,469,D108,Sexual IPV
27.16547503,-6.465576314,0.07692307692307691,231.25,13.0,470,D108,Sexual IPV
18.3935368,0.649557876,0.25,196.875,12.0,471,D108,Sexual IPV
28.85947085,-2.512573084,0.09090909090909091,162.5,11.0,472,D108,Sexual IPV
25.91005979,-9.734568001,0.26666666666666666,300.0,15.0,473,D108,Sexual IPV
21.90879847,0.353719406,0.1818181818181818,162.5,11.0,474,D108,Sexual IPV
19.77475411,3.257724912,0.2857142857142857,265.625,14.0,475,D108,Sexual IPV
26.2209454,3.660492982,0.16666666666666663,196.875,12.0,476,D108,Sexual IPV
18.18288974,-0.820455403,0.0,196.875,12.0,477,D108,Sexual IPV
28.87279295,-2.63953568,0.27272727272727276,162.5,11.0,478,D108,Sexual IPV
22.45971225,2.186307348,0.0,231.25,13.0,479,D108,Sexual IPV
19.77305827,3.150244231,0.11111111111111112,93.75,9.0,480,D108,Sexual IPV
28.68551442,-2.863419907,0.1,128.125,10.0,481,D108,Sexual IPV
25.15199052,2.753152656,0.3333333333333333,93.75,9.0,482,D108,Sexual IPV
23.31491287,-2.376918175,0.0,196.875,12.0,483,D108,Sexual IPV
28.03476653,2.273835243,0.0,93.75,9.0,484,D108,Sexual IPV
22.13415903,-7.146758641,0.4615384615384617,231.25,13.0,485,D108,Sexual IPV
23.19547616,-3.381960586,0.0,300.0,15.0,486,D108,Sexual IPV
27.49236125,-11.66966713,0.09999999999999999,128.125,10.0,487,D108,Sexual IPV
18.43343101,-4.414857893,0.3846153846153847,231.25,13.0,488,D108,Sexual IPV
18.73883557,-0.344898769,0.1,128.125,10.0,489,D108,Sexual IPV
27.34459995,-11.09864006,0.2222222222222222,93.75,9.0,490,D108,Sexual IPV
29.10952812,-3.272507722,0.0909090909090909,162.5,11.0,491,D108,Sexual IPV
20.94968403,-1.494620982,0.5,265.625,14.0,492,D108,Sexual IPV
20.51551691,4.282503661,0.33333333333333326,196.875,12.0,493,D108,Sexual IPV
23.3830765,-6.187259796,0.5714285714285714,25.0,7.0,494,D108,Sexual IPV
20.88573392,-0.265243333,0.1,128.125,10.0,495,D108,Sexual IPV
26.68329068,-4.424198733,0.47058823529411764,300.0,17.0,496,D108,Sexual IPV
20.04281971,2.821361095,0.1875,300.0,16.0,497,D108,Sexual IPV
22.38464839,-5.877031271,0.15384615384615388,231.25,13.0,498,D108,Sexual IPV
21.19556434,-4.612253962,0.1111111111111111,93.75,9.0,499,D108,Sexual IPV
25.67058093,-5.631823846,0.16666666666666669,196.875,12.0,500,D108,Sexual IPV
23.51438536,-6.27468574,0.1111111111111111,93.75,9.0,501,D108,Sexual IPV
15.23512317,-4.344771862,0.0,196.875,12.0,502,D108,Sexual IPV
29.22267332,-1.571018952,0.15384615384615383,231.25,13.0,503,D108,Sexual IPV
29.05640269,-2.049142475,0.0,59.375,8.0,504,D108,Sexual IPV
23.30076387,-6.367032697,0.0,59.375,8.0,505,D108,Sexual IPV
20.37723593,-4.314013858,0.2857142857142857,265.625,14.0,506,D108,Sexual IPV
18.39369551,-5.418484275,0.2222222222222222,93.75,9.0,507,D108,Sexual IPV
22.25573923,2.80526069,0.09090909090909093,162.5,11.0,508,D108,Sexual IPV
29.36983972,0.389551953,0.07142857142857142,265.625,14.0,509,D108,Sexual IPV
29.15264601,1.067968147,0.0,196.875,12.0,510,D108,Sexual IPV
21.45638805,2.984027457,0.09999999999999999,128.125,10.0,511,D108,Sexual IPV
27.44298737,-5.038852685,0.0,300.0,15.0,512,D108,Sexual IPV
29.17153216,-1.037958326,0.2857142857142857,265.625,14.0,513,D108,Sexual IPV
19.80209545,3.137866996,0.23076923076923078,231.25,13.0,514,D108,Sexual IPV
26.00124969,3.189618861,0.21428571428571422,265.625,14.0,515,D108,Sexual IPV
22.88283147,-9.707651332,0.23076923076923075,231.25,13.0,516,D108,Sexual IPV
12.70495175,-5.005254462,0.0,25.0,1.0,517,D108,Sexual IPV
14.3068068,-4.881077992,0.08333333333333331,196.875,12.0,518,D108,Sexual IPV
23.45229454,-7.005069982,0.07142857142857141,265.625,14.0,519,D108,Sexual IPV
29.08472428,-2.905725663,0.1,128.125,10.0,520,D108,Sexual IPV
22.5948006,-7.572190752,0.33333333333333337,300.0,15.0,521,D108,Sexual IPV
26.41896325,-6.217995192,0.0,196.875,12.0,522,D108,Sexual IPV
27.46532039,2.134289125,0.19999999999999998,128.125,10.0,523,D108,Sexual IPV
26.42876889,4.046804569,0.0,128.125,10.0,524,D108,Sexual IPV
15.24380083,-4.447924791,0.0,162.5,11.0,525,D108,Sexual IPV
22.80097812,0.804905671,0.24999999999999997,196.875,12.0,526,D108,Sexual IPV
20.42989787,-6.593397854,0.23076923076923073,231.25,13.0,527,D108,Sexual IPV
24.53231239,-7.73409486,0.24999999999999997,196.875,12.0,528,D108,Sexual IPV
20.51661017,3.59937061,0.18181818181818182,162.5,11.0,529,D108,Sexual IPV
22.38245982,-5.922998776,0.09090909090909091,162.5,11.0,530,D108,Sexual IPV
22.09739417,1.295225542,0.23076923076923073,231.25,13.0,531,D108,Sexual IPV
21.00085741,4.279086899,0.18181818181818177,162.5,11.0,532,D108,Sexual IPV
27.47724277,-11.68773906,0.14285714285714288,25.0,7.0,533,D108,Sexual IPV
29.24712848,-0.211333527,0.09090909090909091,162.5,11.0,534,D108,Sexual IPV
19.0944844,-5.394014643,0.0,300.0,15.0,535,D108,Sexual IPV
26.15567939,-3.757821557,0.08333333333333333,196.875,12.0,536,D108,Sexual IPV
19.15091134,2.937189138,0.2222222222222222,93.75,9.0,537,D108,Sexual IPV
18.2506118,0.028646786,0.30769230769230776,231.25,13.0,538,D108,Sexual IPV
20.87146901,2.787505758,0.16666666666666669,196.875,12.0,539,D108,Sexual IPV
29.2537801,-0.310632352,0.1111111111111111,93.75,9.0,540,D108,Sexual IPV
18.24603702,-7.504982128,0.2,128.125,10.0,541,D108,Sexual IPV
20.87873467,0.755683507,0.18181818181818182,162.5,11.0,542,D108,Sexual IPV
23.60414888,-6.134755265,0.3333333333333333,93.75,9.0,543,D108,Sexual IPV
18.30486521,-2.781426698,0.16666666666666669,196.875,12.0,544,D108,Sexual IPV
24.36138395,1.797462457,0.27272727272727276,162.5,11.0,545,D108,Sexual IPV
13.05824975,-5.845946767,0.08333333333333333,196.875,12.0,546,D108,Sexual IPV
23.13580044,-10.81513694,0.0769230769230769,231.25,13.0,547,D108,Sexual IPV
23.76643367,-5.907754109,0.25,59.375,8.0,548,D108,Sexual IPV
20.56594156,-4.322274017,0.15384615384615383,231.25,13.0,549,D108,Sexual IPV
30.18872007,1.759739122,0.0,231.25,13.0,550,D108,Sexual IPV
27.13452358,-5.086321238,0.08333333333333333,196.875,12.0,551,D108,Sexual IPV
27.3854624,-7.294651595,0.0,265.625,14.0,552,D108,Sexual IPV
22.39326442,-7.210419878,0.3076923076923077,231.25,13.0,553,D108,Sexual IPV
15.36092118,-4.446016416,0.0,93.75,9.0,554,D108,Sexual IPV
12.83309738,-5.353004161,0.0,162.5,11.0,555,D108,Sexual IPV
22.02290086,2.362600705,0.25000000000000006,196.875,12.0,556,D108,Sexual IPV
23.18745681,-2.950911251,0.16666666666666666,196.875,12.0,557,D108,Sexual IPV
27.47494181,-11.69709623,0.09999999999999999,128.125,10.0,558,D108,Sexual IPV
30.82324348,2.881988858,0.13333333333333333,300.0,15.0,559,D108,Sexual IPV
26.62322846,-2.765255583,0.07142857142857144,265.625,14.0,560,D108,Sexual IPV
13.91712866,-5.443569352,0.0,128.125,10.0,561,D108,Sexual IPV
27.10159161,-1.003211995,0.25,59.375,8.0,562,D108,Sexual IPV
23.95422573,-6.712895843,0.125,59.375,8.0,563,D108,Sexual IPV
19.21267344,4.123670741,0.07142857142857141,265.625,14.0,564,D108,Sexual IPV
22.19745982,-6.382196373,0.4999999999999999,196.875,12.0,565,D108,Sexual IPV
24.67660653,0.530666751,0.4615384615384616,231.25,13.0,566,D108,Sexual IPV
28.29267069,-9.194916992,0.0,231.25,13.0,567,D108,Sexual IPV
22.60051217,2.296244142,0.1111111111111111,93.75,9.0,568,D108,Sexual IPV
13.47704547,-5.809624407,0.29999999999999993,128.125,10.0,569,D108,Sexual IPV
22.54966653,-6.743141573,0.27272727272727265,162.5,11.0,570,D108,Sexual IPV
19.34553606,-6.141545531,0.07692307692307693,231.25,13.0,571,D108,Sexual IPV
25.68177529,-10.98746404,0.08333333333333333,196.875,12.0,572,D108,Sexual IPV
14.53422135,-4.944494168,0.0,59.375,8.0,573,D108,Sexual IPV
30.30259345,1.880356784,0.28571428571428564,265.625,14.0,574,D108,Sexual IPV
27.65366978,3.111943585,0.16666666666666666,25.0,6.0,575,D108,Sexual IPV
28.95689813,0.350607084,0.0,162.5,11.0,576,D108,Sexual IPV
18.25680053,0.034368251,0.1818181818181818,162.5,11.0,577,D108,Sexual IPV
21.03931474,-5.692663532,0.3846153846153846,231.25,13.0,578,D108,Sexual IPV
19.23619124,0.352968288,0.15384615384615385,231.25,13.0,579,D108,Sexual IPV
29.72580866,1.300095563,0.2727272727272727,162.5,11.0,580,D108,Sexual IPV
21.1870627,1.877793488,0.28571428571428575,265.625,14.0,581,D108,Sexual IPV
22.37562119,-10.14879469,0.0,231.25,13.0,582,D108,Sexual IPV
19.86541722,1.159178064,0.5000000000000001,128.125,10.0,583,D108,Sexual IPV
26.60614222,-6.210414422,0.23076923076923078,231.25,13.0,584,D108,Sexual IPV
28.84361179,-2.513274778,0.2,300.0,15.0,585,D108,Sexual IPV
19.2086944,-4.92942345,0.25,59.375,8.0,586,D108,Sexual IPV
19.52408764,2.459470281,0.0,196.875,12.0,587,D108,Sexual IPV
25.2467638,-6.797776472,0.24999999999999997,196.875,12.0,588,D108,Sexual IPV
28.43766355,-2.682762944,0.25,196.875,12.0,589,D108,Sexual IPV
22.64737442,-9.451418761,0.0,162.5,11.0,590,D108,Sexual IPV
21.28265403,-6.703510503,0.23076923076923075,231.25,13.0,591,D108,Sexual IPV
23.56318001,-6.190077594,0.07142857142857144,265.625,14.0,592,D108,Sexual IPV
28.1208957,-1.557851708,0.2857142857142858,265.625,14.0,593,D108,Sexual IPV
18.80195798,-2.920692044,0.0,231.25,13.0,594,D108,Sexual IPV
24.76560018,2.823254784,0.1818181818181818,162.5,11.0,595,D108,Sexual IPV
29.34731102,-5.625227902,0.09090909090909091,162.5,11.0,596,D108,Sexual IPV
16.86489084,-2.250214194,0.2857142857142857,265.625,14.0,597,D108,Sexual IPV
16.93504077,-3.010007144,0.1111111111111111,93.75,9.0,598,D108,Sexual IPV
25.39952168,0.459461405,0.21428571428571427,265.625,14.0,599,D108,Sexual IPV
18.69495195,0.138303727,0.16666666666666666,196.875,12.0,600,D108,Sexual IPV
29.1829816,-5.93836896,0.125,59.375,8.0,601,D108,Sexual IPV
17.16333497,-6.480563108,0.07692307692307694,231.25,13.0,602,D108,Sexual IPV
16.65536427,-5.410319606,0.25,59.375,8.0,603,D108,Sexual IPV
15.27755248,-4.393853893,0.07692307692307691,231.25,13.0,604,D108,Sexual IPV
29.1797015,3.381682993,0.14285714285714285,25.0,7.0,605,D108,Sexual IPV
27.62264712,2.765064816,0.23076923076923078,231.25,13.0,606,D108,Sexual IPV
27.51476539,-10.50189192,0.07142857142857144,265.625,14.0,607,D108,Sexual IPV
30.2133108,-7.479978827,0.0,231.25,13.0,608,D108,Sexual IPV
30.41765376,1.60308567,0.18181818181818185,162.5,11.0,609,D108,Sexual IPV
29.78382694,-7.348601431,0.14285714285714288,25.0,7.0,610,D108,Sexual IPV
30.2643195,1.557555731,0.11111111111111112,93.75,9.0,611,D108,Sexual IPV
13.56503928,-5.521115598,0.0,25.0,5.0,612,D108,Sexual IPV
17.37115537,-3.31701872,0.09999999999999999,128.125,10.0,613,D108,Sexual IPV
22.11371313,-6.847362488,0.5714285714285714,265.625,14.0,614,D108,Sexual IPV
24.60426397,-5.528051925,0.0,196.875,12.0,615,D108,Sexual IPV
27.72004633,2.320450494,0.3,128.125,10.0,616,D108,Sexual IPV
15.49462853,-4.386125466,0.125,59.375,8.0,617,D108,Sexual IPV
26.5634983,-10.91792188,0.125,59.375,8.0,618,D108,Sexual IPV
22.03753783,-6.981517257,0.4545454545454545,162.5,11.0,619,D108,Sexual IPV
28.18132081,-3.127239029,0.5,265.625,14.0,620,D108,Sexual IPV
26.51176469,-10.54418536,0.2727272727272727,162.5,11.0,621,D108,Sexual IPV
16.70778206,-1.651485058,0.0,300.0,15.0,622,D108,Sexual IPV
19.44522557,-3.418299507,0.25,59.375,8.0,623,D108,Sexual IPV
25.18899061,0.500531181,0.3333333333333333,196.875,12.0,624,D108,Sexual IPV
26.6358142,-3.781293458,0.27272727272727276,162.5,11.0,625,D108,Sexual IPV
20.71127537,-4.752718793,0.6666666666666667,196.875,12.0,626,D108,Sexual IPV
27.70755623,3.608595494,0.5714285714285715,25.0,7.0,627,D108,Sexual IPV
21.04274589,-4.029237831,0.0909090909090909,162.5,11.0,628,D108,Sexual IPV
29.25218144,-1.654971336,0.33333333333333337,93.75,9.0,629,D108,Sexual IPV
26.25052268,2.95607717,0.20000000000000004,128.125,10.0,630,D108,Sexual IPV
26.25396308,-3.073296939,0.09999999999999999,128.125,10.0,631,D108,Sexual IPV
24.14821932,-3.556744956,0.0,231.25,13.0,632,D108,Sexual IPV
21.56118665,2.943134133,0.1,128.125,10.0,633,D108,Sexual IPV
26.76694124,3.407947013,0.3076923076923077,231.25,13.0,634,D108,Sexual IPV
22.45368996,-10.73412032,0.16666666666666666,196.875,12.0,635,D108,Sexual IPV
22.43160784,-3.401370885,0.25,59.375,8.0,636,D108,Sexual IPV
17.15080892,-5.502801288,0.0,93.75,9.0,637,D108,Sexual IPV
15.32292087,-4.332620017,0.0,93.75,9.0,638,D108,Sexual IPV
26.99769126,-7.098360807,0.08333333333333333,196.875,12.0,639,D108,Sexual IPV
13.34278774,-5.109274215,0.0,25.0,6.0,640,D108,Sexual IPV
29.1027116,-3.880832108,0.18181818181818185,162.5,11.0,641,D108,Sexual IPV
26.39039094,-8.066145669,0.0,265.625,14.0,642,D108,Sexual IPV
19.48017687,1.82292657,0.0,128.125,10.0,643,D108,Sexual IPV
20.3546092,-1.245871899,0.38461538461538464,231.25,13.0,644,D108,Sexual IPV
22.56246762,2.152133112,0.23076923076923075,231.25,13.0,645,D108,Sexual IPV
20.91325416,-6.780997134,0.2727272727272727,162.5,11.0,646,D108,Sexual IPV
19.31450781,3.431887315,0.2307692307692308,231.25,13.0,647,D108,Sexual IPV
17.73680082,-7.185379449,0.08333333333333334,196.875,12.0,648,D108,Sexual IPV
19.88660784,4.187461164,0.6428571428571429,265.625,14.0,649,D108,Sexual IPV
22.86579824,-5.018903715,0.07142857142857142,265.625,14.0,650,D108,Sexual IPV
27.0027673,-3.806091338,0.16666666666666666,196.875,12.0,651,D108,Sexual IPV
23.44085106,-7.002091593,0.15384615384615383,231.25,13.0,652,D108,Sexual IPV
28.71124767,-2.810576617,0.4166666666666667,196.875,12.0,653,D108,Sexual IPV
29.60409047,-7.192857009,0.0,300.0,15.0,654,D108,Sexual IPV
30.04116323,1.936455899,0.0,231.25,13.0,655,D108,Sexual IPV
23.55210237,-6.1000747,0.3,128.125,10.0,656,D108,Sexual IPV
29.47917138,0.509404862,0.33333333333333326,93.75,9.0,657,D108,Sexual IPV
17.9218385,-0.734661429,0.2,128.125,10.0,658,D108,Sexual IPV
25.95925837,-2.949337553,0.1764705882352941,300.0,17.0,659,D108,Sexual IPV
16.58864127,-5.692607147,0.30000000000000004,128.125,10.0,660,D108,Sexual IPV
15.32593749,-4.425550996,0.0,128.125,10.0,661,D108,Sexual IPV
22.35570846,-6.007629398,0.6153846153846154,231.25,13.0,662,D108,Sexual IPV
23.97045066,-7.749548273,0.5,196.875,12.0,663,D108,Sexual IPV
17.96281996,-5.762987239,0.14285714285714285,265.625,14.0,664,D108,Sexual IPV
31.04998397,2.035034453,0.1818181818181818,162.5,11.0,665,D108,Sexual IPV
26.44474448,-6.828786355,0.0909090909090909,162.5,11.0,666,D108,Sexual IPV
25.19274239,-7.822844849,0.4,128.125,10.0,667,D108,Sexual IPV
30.99532145,1.992965487,0.11111111111111112,93.75,9.0,668,D108,Sexual IPV
22.88839101,-0.99496801,0.5714285714285713,25.0,7.0,669,D108,Sexual IPV
22.33853085,-7.969258649,0.1818181818181818,162.5,11.0,670,D108,Sexual IPV
15.57573822,-4.044858454,0.13333333333333336,300.0,15.0,671,D108,Sexual IPV
28.8452101,-2.508782411,0.16666666666666666,196.875,12.0,672,D108,Sexual IPV
18.6592332,2.055179472,0.16666666666666663,196.875,12.0,673,D108,Sexual IPV
23.61573886,-6.106197626,0.49999999999999983,196.875,12.0,674,D108,Sexual IPV
30.2177134,1.821224403,0.1333333333333334,300.0,15.0,675,D108,Sexual IPV
15.27400605,-4.333457835,0.0,25.0,6.0,676,D108,Sexual IPV
24.38608096,0.736728059,0.16666666666666666,25.0,6.0,677,D108,Sexual IPV
26.76189841,-11.0027983,0.0,128.125,10.0,678,D108,Sexual IPV
18.80019776,-5.926047587,0.0,265.625,14.0,679,D108,Sexual IPV
18.42944648,1.555149516,0.1538461538461539,231.25,13.0,680,D108,Sexual IPV
24.00251809,-6.803681314,0.2307692307692308,231.25,13.0,681,D108,Sexual IPV
22.54331095,-3.755725242,0.3636363636363636,162.5,11.0,682,D108,Sexual IPV
25.31026783,0.574556143,0.1818181818181818,162.5,11.0,683,D108,Sexual IPV
20.78782493,3.040205628,0.18181818181818182,162.5,11.0,684,D108,Sexual IPV
17.3056081,-4.944533596,0.09090909090909093,162.5,11.0,685,D108,Sexual IPV
20.82761491,4.294807837,0.27272727272727276,162.5,11.0,686,D108,Sexual IPV
20.37657483,3.809458406,0.3636363636363637,162.5,11.0,687,D108,Sexual IPV
19.75117253,3.244137207,0.0,93.75,9.0,688,D108,Sexual IPV
23.32955005,-6.266814777,0.23076923076923073,231.25,13.0,689,D108,Sexual IPV
22.27589547,-0.738807369,0.16666666666666666,196.875,12.0,690,D108,Sexual IPV
23.2727672,-5.655770791,0.15384615384615385,231.25,13.0,691,D108,Sexual IPV
23.77883141,2.73115129,0.19999999999999996,300.0,15.0,692,D108,Sexual IPV
28.10359778,-6.359305562,0.0,128.125,10.0,693,D108,Sexual IPV
27.45838036,-11.69893674,0.3846153846153846,231.25,13.0,694,D108,Sexual IPV
26.10943718,-4.445403302,0.4,128.125,10.0,695,D108,Sexual IPV
23.39687726,-6.593547636,0.4444444444444444,93.75,9.0,696,D108,Sexual IPV
28.14111055,-10.18738113,0.13333333333333336,300.0,15.0,697,D108,Sexual IPV
21.07446299,-0.996954885,0.45454545454545453,162.5,11.0,698,D108,Sexual IPV
19.20698027,0.103689186,0.18181818181818182,162.5,11.0,699,D108,Sexual IPV
29.17240043,-1.619722176,0.0,231.25,13.0,700,D108,Sexual IPV
24.45618698,-6.142883265,0.1818181818181818,162.5,11.0,701,D108,Sexual IPV
22.34491127,-5.366676246,0.24999999999999997,196.875,12.0,702,D108,Sexual IPV
21.70749176,-6.933114881,0.9,128.125,10.0,703,D108,Sexual IPV
20.26490387,3.494898562,0.07142857142857144,265.625,14.0,704,D108,Sexual IPV
30.40473951,2.46217396,0.1,128.125,10.0,705,D108,Sexual IPV
29.12751626,-1.59378909,0.1111111111111111,93.75,9.0,706,D108,Sexual IPV
23.88732602,-3.495234936,0.28571428571428575,265.625,14.0,707,D108,Sexual IPV
20.01703199,-3.305655899,0.2666666666666667,300.0,15.0,708,D108,Sexual IPV
21.45557709,-5.374580301,0.30000000000000004,128.125,10.0,709,D108,Sexual IPV
15.43127573,-5.301973325,0.1,128.125,10.0,710,D108,Sexual IPV
15.34003208,-4.376624822,0.09090909090909091,162.5,11.0,711,D108,Sexual IPV
21.79039101,-6.466390046,0.45454545454545453,162.5,11.0,712,D108,Sexual IPV
17.2873432,-2.402055307,0.18181818181818182,162.5,11.0,713,D108,Sexual IPV
30.84380994,2.293346688,0.0,300.0,15.0,714,D108,Sexual IPV
26.89686946,3.154549743,0.14285714285714285,265.625,14.0,715,D108,Sexual IPV
26.55770782,-9.814729801,0.0,93.75,9.0,716,D108,Sexual IPV
25.93023981,-5.408484426,0.06666666666666668,300.0,15.0,717,D108,Sexual IPV
12.99465598,-4.982506798,0.0,25.0,4.0,718,D108,Sexual IPV
17.76813816,-5.540171762,0.2,25.0,5.0,719,D108,Sexual IPV
17.70600013,-8.051461096,0.14285714285714282,265.625,14.0,720,D108,Sexual IPV
16.54769209,-1.905037968,0.0,196.875,12.0,721,D108,Sexual IPV
24.84722849,0.610150495,0.6,128.125,10.0,722,D108,Sexual IPV
28.87039867,-2.498092077,0.0,25.0,6.0,723,D108,Sexual IPV
12.85089828,-5.238283265,0.14285714285714288,25.0,7.0,724,D108,Sexual IPV
18.14727053,-6.337655873,0.0,128.125,10.0,725,D108,Sexual IPV
25.78243726,-9.453749033,0.0,162.5,11.0,726,D108,Sexual IPV
28.62952296,-1.490079445,0.10000000000000002,128.125,10.0,727,D108,Sexual IPV
22.85441693,-6.494313478,0.4615384615384617,231.25,13.0,728,D108,Sexual IPV
27.46084576,-5.611241094,0.0,162.5,11.0,729,D108,Sexual IPV
20.35555772,-5.306249977,0.3333333333333333,196.875,12.0,730,D108,Sexual IPV
26.22607651,-8.221823813,0.09090909090909091,162.5,11.0,731,D108,Sexual IPV
27.48151416,-11.69993207,0.125,300.0,16.0,732,D108,Sexual IPV
14.29131929,-4.49039466,0.0,25.0,6.0,733,D108,Sexual IPV
15.36901287,-4.402559846,0.0,93.75,9.0,734,D108,Sexual IPV
29.18563383,-4.285242527,0.2857142857142857,25.0,7.0,735,D108,Sexual IPV
29.16815513,-3.233605907,0.3333333333333333,196.875,12.0,736,D108,Sexual IPV
18.49393454,-4.169191916,0.36363636363636365,162.5,11.0,737,D108,Sexual IPV
27.01161287,-3.468943052,0.3333333333333334,196.875,12.0,738,D108,Sexual IPV
27.00176668,-5.166918909,0.0,196.875,12.0,739,D108,Sexual IPV
23.60895002,-6.110182629,0.39999999999999997,128.125,10.0,740,D108,Sexual IPV
20.74757168,-5.993033319,0.625,59.375,8.0,741,D108,Sexual IPV
21.40642157,-0.083940495,0.4166666666666667,196.875,12.0,742,D108,Sexual IPV
26.66555378,-8.057316229,0.23076923076923073,231.25,13.0,743,D108,Sexual IPV
28.80626506,-2.571888252,0.1111111111111111,93.75,9.0,744,D108,Sexual IPV
26.51082738,3.256665325,0.30000000000000004,128.125,10.0,745,D108,Sexual IPV
23.88604912,-6.720762667,0.3,128.125,10.0,746,D108,Sexual IPV
15.29491149,-4.329381251,0.09090909090909091,162.5,11.0,747,D108,Sexual IPV
31.1275941,2.220458517,0.1,128.125,10.0,748,D108,Sexual IPV
20.77354847,2.17719155,0.3571428571428571,265.625,14.0,749,D108,Sexual IPV
29.94800662,3.41144841,0.4444444444444445,93.75,9.0,750,D108,Sexual IPV
21.07967807,1.87932125,0.33333333333333337,196.875,12.0,751,D108,Sexual IPV
24.9785303,-8.733650858,0.4,128.125,10.0,752,D108,Sexual IPV
27.0125219,-4.314763544,0.0,231.25,13.0,753,D108,Sexual IPV
21.93814753,-0.224813263,0.16666666666666666,196.875,12.0,754,D108,Sexual IPV
28.7865651,-1.452912111,0.42857142857142855,265.625,14.0,755,D108,Sexual IPV
15.41196278,-4.396590843,0.07692307692307691,231.25,13.0,756,D108,Sexual IPV
20.52739866,3.013725945,0.13333333333333336,300.0,15.0,757,D108,Sexual IPV
23.28067787,-6.498319909,0.0,162.5,11.0,758,D108,Sexual IPV
20.50311308,3.395942053,0.09090909090909093,162.5,11.0,759,D108,Sexual IPV
17.31024197,-6.228660117,0.0,162.5,11.0,760,D108,Sexual IPV
21.28229694,-6.58594613,0.19999999999999998,128.125,10.0,761,D108,Sexual IPV
22.77126118,-6.447016059,0.25,300.0,16.0,762,D108,Sexual IPV
15.29947059,-4.333893581,0.0,128.125,10.0,763,D108,Sexual IPV
23.58845662,-6.108231597,0.25,25.0,4.0,764,D108,Sexual IPV
18.58373957,2.390790614,0.0,231.25,13.0,765,D108,Sexual IPV
21.50615313,2.144643791,0.6666666666666666,93.75,9.0,766,D108,Sexual IPV
30.04491977,1.945793434,0.14285714285714288,265.625,14.0,767,D108,Sexual IPV
17.92128282,-0.742965458,0.25,25.0,4.0,768,D108,Sexual IPV
22.09257328,2.026485526,0.2727272727272727,162.5,11.0,769,D108,Sexual IPV
23.73654166,1.300330906,0.6153846153846153,231.25,13.0,770,D108,Sexual IPV
29.32703763,0.198850512,0.08333333333333333,196.875,12.0,771,D108,Sexual IPV
21.55700393,-4.860579196,0.11111111111111112,93.75,9.0,772,D108,Sexual IPV
18.74629656,3.514447841,0.24999999999999997,196.875,12.0,773,D108,Sexual IPV
23.43715536,-7.011264954,0.07692307692307693,231.25,13.0,774,D108,Sexual IPV
25.8326092,-9.272206276,0.1428571428571429,265.625,14.0,775,D108,Sexual IPV
28.60604304,-10.40419253,0.0,231.25,13.0,776,D108,Sexual IPV
19.79565535,1.225505083,0.25000000000000006,196.875,12.0,777,D108,Sexual IPV
15.3110974,-4.374134006,0.0,162.5,11.0,778,D108,Sexual IPV
29.04793402,-2.267985773,0.0,162.5,11.0,779,D108,Sexual IPV
30.92772021,2.233075254,0.0,265.625,14.0,780,D108,Sexual IPV
