feature,importance
d105b,0.6597418212418824
d103c,0.12285420054475164
d110a,0.07572994693836198
d105h,0.06703740361349601
d103a,0.04876761659715354
d109a,0.00949225854291694
v456a,0.008208344665780673
p18_01,0.004636113902767503
v137,0.003532293952888482
b1_01,8.932111799802907e-16
h12u_2,0.0
h12v_4,0.0
h12w_5,0.0
h12w_4,0.0
h12w_3,0.0
h12w_2,0.0
h12w_1,0.0
h12v_6,0.0
h12v_5,0.0
h12v_2,0.0
h12v_3,0.0
h12u_1,0.0
h12v_1,0.0
h12t_6,0.0
h12w_6,0.0
h12u_5,0.0
h12u_4,0.0
h12u_3,0.0
h12u_6,0.0
v002,0.0
h12x_1,0.0
h12t_4,0.0
h13_2,0.0
h13_1,0.0
h12z_6,0.0
h12z_5,0.0
h12z_4,0.0
h12z_3,0.0
h12z_2,0.0
h12z_1,0.0
h12y_6,0.0
h12y_5,0.0
h12y_4,0.0
h12y_3,0.0
h12y_2,0.0
h12y_1,0.0
h12x_6,0.0
h12x_5,0.0
h12x_4,0.0
h12x_3,0.0
h12x_2,0.0
h12t_5,0.0
h12s_6,0.0
h12t_3,0.0
h12nc_4,0.0
h12nc_2,0.0
h12nc_1,0.0
h12nb_6,0.0
h12nb_5,0.0
h12nb_4,0.0
h12nb_3,0.0
h12nb_2,0.0
h12nb_1,0.0
h12na_6,0.0
h12na_5,0.0
h12na_4,0.0
h12na_3,0.0
h12na_2,0.0
h12na_1,0.0
h12r_6,0.0
h12r_5,0.0
h12r_4,0.0
h12r_3,0.0
h12r_2,0.0
h12nc_3,0.0
h12nc_5,0.0
h12t_2,0.0
h12nc_6,0.0
h12t_1,0.0
h13_4,0.0
h12s_5,0.0
h12s_4,0.0
h12s_3,0.0
h12s_2,0.0
h12s_1,0.0
h12ne_6,0.0
h12ne_5,0.0
h12ne_4,0.0
h12ne_3,0.0
h12ne_2,0.0
h12ne_1,0.0
h12nd_6,0.0
h12nd_5,0.0
h12nd_4,0.0
h12nd_3,0.0
h12nd_2,0.0
h12nd_1,0.0
h13_3,0.0
h13b_2,0.0
h13_5,0.0
h15e_2,0.0
h15h_4,0.0
h15h_3,0.0
h15h_2,0.0
h15h_1,0.0
h15g_6,0.0
h15g_5,0.0
h15g_4,0.0
h15g_3,0.0
h15g_2,0.0
h15g_1,0.0
h15f_6,0.0
h15f_5,0.0
h15f_4,0.0
h15f_3,0.0
h15f_2,0.0
h15f_1,0.0
h15e_6,0.0
h15e_5,0.0
h15e_4,0.0
h15h_5,0.0
h15h_6,0.0
h15i_1,0.0
h15j_6,0.0
h15l_2,0.0
h15l_1,0.0
h15k_6,0.0
h15k_5,0.0
h15k_4,0.0
h15k_3,0.0
h15k_2,0.0
h15k_1,0.0
h15j_5,0.0
h15i_2,0.0
h15j_4,0.0
h15j_3,0.0
h15j_2,0.0
h15j_1,0.0
h15i_6,0.0
h15i_5,0.0
h15i_4,0.0
h15i_3,0.0
h15e_3,0.0
h15e_1,0.0
h13_6,0.0
h15d_6,0.0
h15a_1,0.0
h15_6,0.0
h15_5,0.0
h15_4,0.0
h15_3,0.0
h15_2,0.0
h15_1,0.0
h14_6,0.0
h14_5,0.0
h14_4,0.0
h14_3,0.0
h14_2,0.0
h14_1,0.0
h13b_6,0.0
h13b_5,0.0
h13b_4,0.0
h13b_3,0.0
h12q_6,0.0
h13b_1,0.0
h15a_2,0.0
h15a_3,0.0
h15a_4,0.0
h15c_3,0.0
h15d_5,0.0
h15d_4,0.0
h15d_3,0.0
h15d_2,0.0
h15d_1,0.0
h15c_6,0.0
h15c_5,0.0
h15c_4,0.0
h15c_2,0.0
h15a_5,0.0
h15c_1,0.0
h15b_6,0.0
h15b_5,0.0
h15b_4,0.0
h15b_3,0.0
h15b_2,0.0
h15b_1,0.0
h15a_6,0.0
h12r_1,0.0
h12q_4,0.0
h12q_5,0.0
h68_4,0.0
hidxa_1,0.0
h69_6,0.0
h69_5,0.0
h69_4,0.0
h69_3,0.0
h69_2,0.0
h69_1,0.0
h68_6,0.0
h68_5,0.0
h68_3,0.0
h67m_4,0.0
h68_2,0.0
h68_1,0.0
h67y_6,0.0
h67y_5,0.0
h67y_4,0.0
h67y_3,0.0
h67y_2,0.0
h67y_1,0.0
h67m_6,0.0
hidxa_2,0.0
hidxa_3,0.0
hidxa_4,0.0
hidxa_5,0.0
h12a_6,0.0
h12a_5,0.0
h12a_4,0.0
h12a_3,0.0
h12a_2,0.0
h12a_1,0.0
h11b_6,0.0
h11b_5,0.0
h11b_4,0.0
h11b_3,0.0
h11b_2,0.0
h11b_1,0.0
h11_6,0.0
h11_5,0.0
h11_4,0.0
h11_3,0.0
h11_2,0.0
h11_1,0.0
hidxa_6,0.0
h67m_5,0.0
h67m_3,0.0
h15l_4,0.0
h66_5,0.0
h66m_2,0.0
h66m_1,0.0
h66d_6,0.0
h66d_5,0.0
h66d_4,0.0
h66d_3,0.0
h66d_2,0.0
h66d_1,0.0
h66_6,0.0
h66_4,0.0
h67m_2,0.0
h66_3,0.0
h66_2,0.0
h66_1,0.0
h65y_6,0.0
h65y_5,0.0
h65y_4,0.0
h65y_3,0.0
h65y_2,0.0
h65y_1,0.0
h66m_3,0.0
h66m_4,0.0
h66m_5,0.0
h66m_6,0.0
h67m_1,0.0
h67d_6,0.0
h67d_5,0.0
h67d_4,0.0
h67d_3,0.0
h67d_2,0.0
h67d_1,0.0
h67_6,0.0
h67_5,0.0
h67_4,0.0
h67_3,0.0
h67_2,0.0
h67_1,0.0
h66y_6,0.0
h66y_5,0.0
h66y_4,0.0
h66y_3,0.0
h66y_2,0.0
h66y_1,0.0
h12b_1,0.0
h12b_2,0.0
h12b_3,0.0
h12l_1,0.0
h12m_4,0.0
h12m_3,0.0
h12m_2,0.0
h12m_1,0.0
h12l_6,0.0
h12l_5,0.0
h12l_4,0.0
h12l_3,0.0
h12l_2,0.0
h12k_6,0.0
h12b_4,0.0
h12k_5,0.0
h12k_4,0.0
h12k_3,0.0
h12k_2,0.0
h12k_1,0.0
h12j_6,0.0
h12j_5,0.0
h12j_4,0.0
h12j_3,0.0
h12m_5,0.0
h12m_6,0.0
h12n_1,0.0
h12n_2,0.0
h12q_3,0.0
h12q_2,0.0
h12q_1,0.0
h12p_6,0.0
h12p_5,0.0
h12p_4,0.0
h12p_3,0.0
h12p_2,0.0
h12p_1,0.0
h12o_6,0.0
h12o_5,0.0
h12o_4,0.0
h12o_3,0.0
h12o_2,0.0
h12o_1,0.0
h12n_6,0.0
h12n_5,0.0
h12n_4,0.0
h12n_3,0.0
h12j_2,0.0
h12j_1,0.0
h12i_6,0.0
h12f_1,0.0
h12e_5,0.0
h12e_4,0.0
h12e_3,0.0
h12e_2,0.0
h12e_1,0.0
h12d_6,0.0
h12d_5,0.0
h12d_4,0.0
h12d_3,0.0
h12d_2,0.0
h12d_1,0.0
h12c_6,0.0
h12c_5,0.0
h12c_4,0.0
h12c_3,0.0
h12c_2,0.0
h12c_1,0.0
h12b_6,0.0
h12b_5,0.0
h12e_6,0.0
h12f_2,0.0
h12i_5,0.0
h12f_3,0.0
h12i_4,0.0
h12i_3,0.0
h12i_2,0.0
h12i_1,0.0
h12h_6,0.0
h12h_5,0.0
h12h_4,0.0
h12h_3,0.0
h12h_2,0.0
h12h_1,0.0
h12g_6,0.0
h12g_5,0.0
h12g_4,0.0
h12g_3,0.0
h12g_2,0.0
h12g_1,0.0
h12f_6,0.0
h12f_5,0.0
h12f_4,0.0
h15l_3,0.0
h15l_6,0.0
h15l_5,0.0
h32z_3,0.0
h34_6,0.0
h34_5,0.0
h34_4,0.0
h34_3,0.0
h34_2,0.0
h34_1,0.0
h32z_6,0.0
h32z_5,0.0
h32z_4,0.0
h32z_2,0.0
h37da_1,0.0
h32z_1,0.0
h32y_6,0.0
h32y_5,0.0
h32y_4,0.0
h32y_3,0.0
h32y_2,0.0
h32y_1,0.0
h32x_6,0.0
h32x_5,0.0
h37a_1,0.0
h37a_2,0.0
h37a_3,0.0
h37a_4,0.0
h37d_5,0.0
h37d_4,0.0
h37d_3,0.0
h37d_2,0.0
h37d_1,0.0
h37c_6,0.0
h37c_5,0.0
h37c_4,0.0
h37c_3,0.0
h37c_2,0.0
h37c_1,0.0
h37b_6,0.0
h37b_5,0.0
h37b_4,0.0
h37b_3,0.0
h37b_2,0.0
h37b_1,0.0
h37a_6,0.0
h37a_5,0.0
h32x_4,0.0
h32x_3,0.0
h32x_2,0.0
h32t_3,0.0
h32t_1,0.0
h32s_6,0.0
h32s_5,0.0
h32s_4,0.0
h32s_3,0.0
h32s_2,0.0
h32s_1,0.0
h32ne_6,0.0
h32ne_5,0.0
h32ne_4,0.0
h32ne_3,0.0
h32ne_2,0.0
h32ne_1,0.0
h32nd_6,0.0
h32nd_5,0.0
h32nd_4,0.0
h32nd_3,0.0
h32nd_2,0.0
h32nd_1,0.0
h32t_2,0.0
h32t_4,0.0
h32x_1,0.0
h32t_5,0.0
h32w_6,0.0
h32w_5,0.0
h32w_4,0.0
h32w_3,0.0
h32w_2,0.0
h32w_1,0.0
h32v_6,0.0
h32v_5,0.0
h32v_4,0.0
h32v_3,0.0
h32v_2,0.0
h32v_1,0.0
h32u_6,0.0
h32u_5,0.0
h32u_4,0.0
h32u_3,0.0
h32u_2,0.0
h32u_1,0.0
h32t_6,0.0
h37d_6,0.0
h37da_2,0.0
h32nc_5,0.0
h37k_6,0.0
h37m_3,0.0
h37m_2,0.0
h37m_1,0.0
h37l_6,0.0
h37l_5,0.0
h37l_4,0.0
h37l_3,0.0
h37l_2,0.0
h37l_1,0.0
h37k_5,0.0
h37da_3,0.0
h37k_4,0.0
h37k_3,0.0
h37k_2,0.0
h37k_1,0.0
h37j_6,0.0
h37j_5,0.0
h37j_4,0.0
h37j_3,0.0
h37j_2,0.0
h37m_4,0.0
h37m_5,0.0
h37m_6,0.0
h37n_1,0.0
h37q_2,0.0
h37q_1,0.0
h37p_6,0.0
h37p_5,0.0
h37p_4,0.0
h37p_3,0.0
h37p_2,0.0
h37p_1,0.0
h37o_6,0.0
h37o_5,0.0
h37o_4,0.0
h37o_3,0.0
h37o_2,0.0
h37o_1,0.0
h37n_6,0.0
h37n_5,0.0
h37n_4,0.0
h37n_3,0.0
h37n_2,0.0
h37j_1,0.0
h37i_6,0.0
h37i_5,0.0
h37ab_6,0.0
h37ab_4,0.0
h37ab_3,0.0
h37ab_2,0.0
h37ab_1,0.0
h37aa_6,0.0
h37aa_5,0.0
h37aa_4,0.0
h37aa_3,0.0
h37aa_2,0.0
h37aa_1,0.0
h37e_6,0.0
h37e_5,0.0
h37e_4,0.0
h37e_3,0.0
h37e_2,0.0
h37e_1,0.0
h37da_6,0.0
h37da_5,0.0
h37da_4,0.0
h37ab_5,0.0
h37f_1,0.0
h37i_4,0.0
h37f_2,0.0
h37i_3,0.0
h37i_2,0.0
h37i_1,0.0
h37h_6,0.0
h37h_5,0.0
h37h_4,0.0
h37h_3,0.0
h37h_2,0.0
h37h_1,0.0
h37g_6,0.0
h37g_5,0.0
h37g_4,0.0
h37g_3,0.0
h37g_2,0.0
h37g_1,0.0
h37f_6,0.0
h37f_5,0.0
h37f_4,0.0
h37f_3,0.0
h32nc_6,0.0
h32nc_4,0.0
h65m_5,0.0
h31e_3,0.0
h32a_6,0.0
h32a_5,0.0
h32a_4,0.0
h32a_3,0.0
h32a_2,0.0
h32a_1,0.0
h31e_6,0.0
h31e_5,0.0
h31e_4,0.0
h31e_2,0.0
h32f_1,0.0
h31e_1,0.0
h31d_6,0.0
h31d_5,0.0
h31d_4,0.0
h31d_3,0.0
h31d_2,0.0
h31d_1,0.0
h31c_6,0.0
h31c_5,0.0
h32b_1,0.0
h32b_2,0.0
h32b_3,0.0
h32b_4,0.0
h32e_5,0.0
h32e_4,0.0
h32e_3,0.0
h32e_2,0.0
h32e_1,0.0
h32d_6,0.0
h32d_5,0.0
h32d_4,0.0
h32d_3,0.0
h32d_2,0.0
h32d_1,0.0
h32c_6,0.0
h32c_5,0.0
h32c_4,0.0
h32c_3,0.0
h32c_2,0.0
h32c_1,0.0
h32b_6,0.0
h32b_5,0.0
h31c_4,0.0
h31c_3,0.0
h31c_2,0.0
h21_3,0.0
h21_1,0.0
h21a_6,0.0
h21a_5,0.0
h21a_4,0.0
h21a_3,0.0
h21a_2,0.0
h21a_1,0.0
h20_6,0.0
h20_5,0.0
h20_4,0.0
h20_3,0.0
h20_2,0.0
h20_1,0.0
h15m_6,0.0
h15m_5,0.0
h15m_4,0.0
h15m_3,0.0
h15m_2,0.0
h15m_1,0.0
h21_2,0.0
h21_4,0.0
h31c_1,0.0
h21_5,0.0
h31b_6,0.0
h31b_5,0.0
h31b_4,0.0
h31b_3,0.0
h31b_2,0.0
h31b_1,0.0
h31_6,0.0
h31_5,0.0
h31_4,0.0
h31_3,0.0
h31_2,0.0
h31_1,0.0
h22_6,0.0
h22_5,0.0
h22_4,0.0
h22_3,0.0
h22_2,0.0
h22_1,0.0
h21_6,0.0
h32e_6,0.0
h32f_2,0.0
h32nc_3,0.0
h32o_6,0.0
h32q_3,0.0
h32q_2,0.0
h32q_1,0.0
h32p_6,0.0
h32p_5,0.0
h32p_4,0.0
h32p_3,0.0
h32p_2,0.0
h32p_1,0.0
h32o_5,0.0
h32f_3,0.0
h32o_4,0.0
h32o_3,0.0
h32o_2,0.0
h32o_1,0.0
h32n_6,0.0
h32n_5,0.0
h32n_4,0.0
h32n_3,0.0
h32n_2,0.0
h32q_4,0.0
h32q_5,0.0
h32q_6,0.0
h32r_1,0.0
h32nc_2,0.0
h32nc_1,0.0
h32nb_6,0.0
h32nb_5,0.0
h32nb_4,0.0
h32nb_3,0.0
h32nb_2,0.0
h32nb_1,0.0
h32na_6,0.0
h32na_5,0.0
h32na_4,0.0
h32na_3,0.0
h32na_2,0.0
h32na_1,0.0
h32r_6,0.0
h32r_5,0.0
h32r_4,0.0
h32r_3,0.0
h32r_2,0.0
h32n_1,0.0
h32m_6,0.0
h32m_5,0.0
h32i_6,0.0
h32i_4,0.0
h32i_3,0.0
h32i_2,0.0
h32i_1,0.0
h32h_6,0.0
h32h_5,0.0
h32h_4,0.0
h32h_3,0.0
h32h_2,0.0
h32h_1,0.0
h32g_6,0.0
h32g_5,0.0
h32g_4,0.0
h32g_3,0.0
h32g_2,0.0
h32g_1,0.0
h32f_6,0.0
h32f_5,0.0
h32f_4,0.0
h32i_5,0.0
h32j_1,0.0
h32m_4,0.0
h32j_2,0.0
h32m_3,0.0
h32m_2,0.0
h32m_1,0.0
h32l_6,0.0
h32l_5,0.0
h32l_4,0.0
h32l_3,0.0
h32l_2,0.0
h32l_1,0.0
h32k_6,0.0
h32k_5,0.0
h32k_4,0.0
h32k_3,0.0
h32k_2,0.0
h32k_1,0.0
h32j_6,0.0
h32j_5,0.0
h32j_4,0.0
h32j_3,0.0
h65m_6,0.0
h65d_6,0.0
h65m_4,0.0
h9a_6,0.0
h9am_3,0.0
h9am_2,0.0
h9am_1,0.0
h9ad_6,0.0
h9ad_5,0.0
h9ad_4,0.0
h9ad_3,0.0
h9ad_2,0.0
h9ad_1,0.0
h9a_5,0.0
h7y_2,0.0
h9a_4,0.0
h9a_3,0.0
h9a_2,0.0
h9a_1,0.0
h9y_6,0.0
h9y_5,0.0
h9y_4,0.0
h9y_3,0.0
h9y_2,0.0
h9am_4,0.0
h9am_5,0.0
h9am_6,0.0
h9ay_1,0.0
h0m_2,0.0
h0m_1,0.0
h0d_6,0.0
h0d_5,0.0
h0d_4,0.0
h0d_3,0.0
h0d_2,0.0
h0d_1,0.0
h0_6,0.0
h0_5,0.0
h0_4,0.0
h0_3,0.0
h0_2,0.0
h0_1,0.0
h9ay_6,0.0
h9ay_5,0.0
h9ay_4,0.0
h9ay_3,0.0
h9ay_2,0.0
h9y_1,0.0
h9m_6,0.0
h9m_5,0.0
h8m_6,0.0
h8m_4,0.0
h8m_3,0.0
h8m_2,0.0
h8m_1,0.0
h8d_6,0.0
h8d_5,0.0
h8d_4,0.0
h8d_3,0.0
h8d_2,0.0
h8d_1,0.0
h8_6,0.0
h8_5,0.0
h8_4,0.0
h8_3,0.0
h8_2,0.0
h8_1,0.0
h7y_6,0.0
h7y_5,0.0
h7y_4,0.0
h8m_5,0.0
h8y_1,0.0
h9m_4,0.0
h8y_2,0.0
h9m_3,0.0
h9m_2,0.0
h9m_1,0.0
h9d_6,0.0
h9d_5,0.0
h9d_4,0.0
h9d_3,0.0
h9d_2,0.0
h9d_1,0.0
h9_6,0.0
h9_5,0.0
h9_4,0.0
h9_3,0.0
h9_2,0.0
h9_1,0.0
h8y_6,0.0
h8y_5,0.0
h8y_4,0.0
h8y_3,0.0
h0m_3,0.0
h0m_4,0.0
h0m_5,0.0
h40d_1,0.0
h40_5,0.0
h40_4,0.0
h40_3,0.0
h40_2,0.0
h40_1,0.0
h33y_6,0.0
h33y_5,0.0
h33y_4,0.0
h33y_3,0.0
h33y_2,0.0
h33y_1,0.0
h33m_6,0.0
h33m_5,0.0
h33m_4,0.0
h33m_3,0.0
h33m_2,0.0
h33m_1,0.0
h33d_6,0.0
h33d_5,0.0
h40_6,0.0
h40d_2,0.0
h33d_3,0.0
h40d_3,0.0
h50_4,0.0
h50_3,0.0
h50_2,0.0
h50_1,0.0
h40y_6,0.0
h40y_5,0.0
h40y_4,0.0
h40y_3,0.0
h40y_2,0.0
h40y_1,0.0
h40m_6,0.0
h40m_5,0.0
h40m_4,0.0
h40m_3,0.0
h40m_2,0.0
h40m_1,0.0
h40d_6,0.0
h40d_5,0.0
h40d_4,0.0
h33d_4,0.0
h33d_2,0.0
h0m_6,0.0
h25m_3,0.0
h25m_1,0.0
h25d_6,0.0
h25d_5,0.0
h25d_4,0.0
h25d_3,0.0
h25d_2,0.0
h25d_1,0.0
h10_6,0.0
h10_5,0.0
h10_4,0.0
h10_3,0.0
h10_2,0.0
h10_1,0.0
h0y_6,0.0
h0y_5,0.0
h0y_4,0.0
h0y_3,0.0
h0y_2,0.0
h0y_1,0.0
h25m_2,0.0
h25m_4,0.0
h33d_1,0.0
h25m_5,0.0
h33_6,0.0
h33_5,0.0
h33_4,0.0
h33_3,0.0
h33_2,0.0
h33_1,0.0
h26_6,0.0
h26_5,0.0
h26_4,0.0
h26_3,0.0
h26_2,0.0
h26_1,0.0
h25y_6,0.0
h25y_5,0.0
h25y_4,0.0
h25y_3,0.0
h25y_2,0.0
h25y_1,0.0
h25m_6,0.0
h7y_3,0.0
h7y_1,0.0
h50_6,0.0
h2m_1,0.0
h2y_4,0.0
h2y_3,0.0
h2y_2,0.0
h2y_1,0.0
h2m_6,0.0
h2m_5,0.0
h2m_4,0.0
h2m_3,0.0
h2m_2,0.0
h2d_6,0.0
h7m_6,0.0
h2d_5,0.0
h2d_4,0.0
h2d_3,0.0
h2d_2,0.0
h2d_1,0.0
h2_6,0.0
h2_5,0.0
h2_4,0.0
h2_3,0.0
h2y_5,0.0
h2y_6,0.0
h3_1,0.0
h3_2,0.0
h3y_3,0.0
h3y_2,0.0
h3y_1,0.0
h3m_6,0.0
h3m_5,0.0
h3m_4,0.0
h3m_3,0.0
h3m_2,0.0
h3m_1,0.0
h3d_6,0.0
h3d_5,0.0
h3d_4,0.0
h3d_3,0.0
h3d_2,0.0
h3d_1,0.0
h3_6,0.0
h3_5,0.0
h3_4,0.0
h3_3,0.0
h2_2,0.0
h2_1,0.0
h1a_6,0.0
v414we,0.0
v414wc,0.0
v414wb,0.0
v414wa,0.0
v414w,0.0
v414v,0.0
v414u,0.0
v414t,0.0
v414s,0.0
v414r,0.0
v414q,0.0
v414p,0.0
v414o,0.0
v414n,0.0
v414m,0.0
v414l,0.0
v414k,0.0
v414j,0.0
v414i,0.0
v414h,0.0
v414wd,0.0
v465,0.0
h1a_5,0.0
v469e,0.0
h1a_4,0.0
h1a_3,0.0
h1a_2,0.0
h1a_1,0.0
h1_6,0.0
h1_5,0.0
h1_4,0.0
h1_3,0.0
h1_2,0.0
h1_1,0.0
hidx_6,0.0
hidx_5,0.0
hidx_4,0.0
hidx_3,0.0
hidx_2,0.0
hidx_1,0.0
v486,0.0
v469x,0.0
v469f,0.0
h3y_4,0.0
h3y_5,0.0
h3y_6,0.0
h6y_2,0.0
h6m_6,0.0
h6m_5,0.0
h6m_4,0.0
h6m_3,0.0
h6m_2,0.0
h6m_1,0.0
h6d_6,0.0
h6d_5,0.0
h6d_4,0.0
h6d_3,0.0
h6d_2,0.0
h6d_1,0.0
h6_6,0.0
h6_5,0.0
h6_4,0.0
h6_3,0.0
h6_2,0.0
h6_1,0.0
h5y_6,0.0
h6y_1,0.0
h6y_3,0.0
h5y_4,0.0
h6y_4,0.0
h7m_5,0.0
h7m_4,0.0
h7m_3,0.0
h7m_2,0.0
h7m_1,0.0
h7d_6,0.0
h7d_5,0.0
h7d_4,0.0
h7d_3,0.0
h7d_2,0.0
h7d_1,0.0
h7_6,0.0
h7_5,0.0
h7_4,0.0
h7_3,0.0
h7_2,0.0
h7_1,0.0
h6y_6,0.0
h6y_5,0.0
h5y_5,0.0
h5y_3,0.0
h4_1,0.0
h4y_4,0.0
h4y_2,0.0
h4y_1,0.0
h4m_6,0.0
h4m_5,0.0
h4m_4,0.0
h4m_3,0.0
h4m_2,0.0
h4m_1,0.0
h4d_6,0.0
h4d_5,0.0
h4d_4,0.0
h4d_3,0.0
h4d_2,0.0
h4d_1,0.0
h4_6,0.0
h4_5,0.0
h4_4,0.0
h4_3,0.0
h4_2,0.0
h4y_3,0.0
h4y_5,0.0
h5y_2,0.0
h4y_6,0.0
h5y_1,0.0
h5m_6,0.0
h5m_5,0.0
h5m_4,0.0
h5m_3,0.0
h5m_2,0.0
h5m_1,0.0
h5d_6,0.0
h5d_5,0.0
h5d_4,0.0
h5d_3,0.0
h5d_2,0.0
h5d_1,0.0
h5_6,0.0
h5_5,0.0
h5_4,0.0
h5_3,0.0
h5_2,0.0
h5_1,0.0
h50_5,0.0
h50d_1,0.0
h65m_3,0.0
h60d_4,0.0
h60y_1,0.0
h60m_6,0.0
h60m_5,0.0
h60m_4,0.0
h60m_3,0.0
h60m_2,0.0
h60m_1,0.0
h60d_6,0.0
h60d_5,0.0
h60d_3,0.0
h57y_6,0.0
h60d_2,0.0
h60d_1,0.0
h60_6,0.0
h60_5,0.0
h60_4,0.0
h60_3,0.0
h60_2,0.0
h60_1,0.0
h59y_6,0.0
h60y_2,0.0
h60y_3,0.0
h60y_4,0.0
h60y_5,0.0
h61m_6,0.0
h61m_5,0.0
h61m_4,0.0
h61m_3,0.0
h61m_2,0.0
h61m_1,0.0
h61d_6,0.0
h61d_5,0.0
h61d_4,0.0
h61d_3,0.0
h61d_2,0.0
h61d_1,0.0
h61_6,0.0
h61_5,0.0
h61_4,0.0
h61_3,0.0
h61_2,0.0
h61_1,0.0
h60y_6,0.0
h59y_5,0.0
h59y_4,0.0
h59y_3,0.0
h58y_4,0.0
h58y_2,0.0
h58y_1,0.0
h58m_6,0.0
h58m_5,0.0
h58m_4,0.0
h58m_3,0.0
h58m_2,0.0
h58m_1,0.0
h58d_6,0.0
h58d_5,0.0
h58d_4,0.0
h58d_3,0.0
h58d_2,0.0
h58d_1,0.0
h58_6,0.0
h58_5,0.0
h58_4,0.0
h58_3,0.0
h58_2,0.0
h58y_3,0.0
h58y_5,0.0
h59y_2,0.0
h58y_6,0.0
h59y_1,0.0
h59m_6,0.0
h59m_5,0.0
h59m_4,0.0
h59m_3,0.0
h59m_2,0.0
h59m_1,0.0
h59d_6,0.0
h59d_5,0.0
h59d_4,0.0
h59d_3,0.0
h59d_2,0.0
h59d_1,0.0
h59_6,0.0
h59_5,0.0
h59_4,0.0
h59_3,0.0
h59_2,0.0
h59_1,0.0
h61y_1,0.0
h61y_2,0.0
h61y_3,0.0
h64m_5,0.0
h64m_3,0.0
h64m_2,0.0
h64m_1,0.0
h64d_6,0.0
h64d_5,0.0
h64d_4,0.0
h64d_3,0.0
h64d_2,0.0
h64d_1,0.0
h64_6,0.0
h64_5,0.0
h64_4,0.0
h64_3,0.0
h64_2,0.0
h64_1,0.0
h63y_6,0.0
h63y_5,0.0
h63y_4,0.0
h63y_3,0.0
h64m_4,0.0
h64m_6,0.0
h63y_1,0.0
h64y_1,0.0
h65m_2,0.0
h65m_1,0.0
h37q_4,0.0
h65d_5,0.0
h65d_4,0.0
h65d_3,0.0
h65d_2,0.0
h65d_1,0.0
h65_6,0.0
h65_5,0.0
h65_4,0.0
h65_3,0.0
h65_2,0.0
h65_1,0.0
h64y_6,0.0
h64y_5,0.0
h64y_4,0.0
h64y_3,0.0
h64y_2,0.0
h63y_2,0.0
h63m_6,0.0
h61y_4,0.0
h62y_1,0.0
h62m_5,0.0
h62m_4,0.0
h62m_3,0.0
h62m_2,0.0
h62m_1,0.0
h62d_6,0.0
h62d_5,0.0
h62d_4,0.0
h62d_3,0.0
h62d_2,0.0
h62d_1,0.0
h62_6,0.0
h62_5,0.0
h62_4,0.0
h62_3,0.0
h62_2,0.0
h62_1,0.0
h61y_6,0.0
h61y_5,0.0
h62m_6,0.0
h62y_2,0.0
h63m_5,0.0
h62y_3,0.0
h63m_4,0.0
h63m_3,0.0
h63m_2,0.0
h63m_1,0.0
h63d_6,0.0
h63d_5,0.0
h63d_4,0.0
h63d_3,0.0
h63d_2,0.0
h63d_1,0.0
h63_6,0.0
h63_5,0.0
h63_4,0.0
h63_3,0.0
h63_2,0.0
h63_1,0.0
h62y_6,0.0
h62y_5,0.0
h62y_4,0.0
h58_1,0.0
h57y_5,0.0
h50d_2,0.0
h52m_5,0.0
h53_2,0.0
h53_1,0.0
h52y_6,0.0
h52y_5,0.0
h52y_4,0.0
h52y_3,0.0
h52y_2,0.0
h52y_1,0.0
h52m_6,0.0
h52m_4,0.0
h57y_4,0.0
h52m_3,0.0
h52m_2,0.0
h52m_1,0.0
h52d_6,0.0
h52d_5,0.0
h52d_4,0.0
h52d_3,0.0
h52d_2,0.0
h52d_1,0.0
h53_3,0.0
h53_4,0.0
h53_5,0.0
h53_6,0.0
h54_1,0.0
h53y_6,0.0
h53y_5,0.0
h53y_4,0.0
h53y_3,0.0
h53y_2,0.0
h53y_1,0.0
h53m_6,0.0
h53m_5,0.0
h53m_4,0.0
h53m_3,0.0
h53m_2,0.0
h53m_1,0.0
h53d_6,0.0
h53d_5,0.0
h53d_4,0.0
h53d_3,0.0
h53d_2,0.0
h53d_1,0.0
h52_6,0.0
h52_5,0.0
h52_4,0.0
h51_5,0.0
h51_3,0.0
h51_2,0.0
h51_1,0.0
h50y_6,0.0
h50y_5,0.0
h50y_4,0.0
h50y_3,0.0
h50y_2,0.0
h50y_1,0.0
h50m_6,0.0
h50m_5,0.0
h50m_4,0.0
h50m_3,0.0
h50m_2,0.0
h50m_1,0.0
h50d_6,0.0
h50d_5,0.0
h50d_4,0.0
h50d_3,0.0
h51_4,0.0
h51_6,0.0
h52_3,0.0
h51d_1,0.0
h52_2,0.0
h52_1,0.0
h51y_6,0.0
h51y_5,0.0
h51y_4,0.0
h51y_3,0.0
h51y_2,0.0
h51y_1,0.0
h51m_6,0.0
h51m_5,0.0
h51m_4,0.0
h51m_3,0.0
h51m_2,0.0
h51m_1,0.0
h51d_6,0.0
h51d_5,0.0
h51d_4,0.0
h51d_3,0.0
h51d_2,0.0
h54_2,0.0
h54_3,0.0
h54_4,0.0
h56y_6,0.0
h56y_4,0.0
h56y_3,0.0
h56y_2,0.0
h56y_1,0.0
h56m_6,0.0
h56m_5,0.0
h56m_4,0.0
h56m_3,0.0
h56m_2,0.0
h56m_1,0.0
h56d_6,0.0
h56d_5,0.0
h56d_4,0.0
h56d_3,0.0
h56d_2,0.0
h56d_1,0.0
h56_6,0.0
h56_5,0.0
h56_4,0.0
h56y_5,0.0
h57_1,0.0
h56_2,0.0
h57_2,0.0
h57y_3,0.0
h57y_2,0.0
h57y_1,0.0
h57m_6,0.0
h57m_5,0.0
h57m_4,0.0
h57m_3,0.0
h57m_2,0.0
h57m_1,0.0
h57d_6,0.0
h57d_5,0.0
h57d_4,0.0
h57d_3,0.0
h57d_2,0.0
h57d_1,0.0
h57_6,0.0
h57_5,0.0
h57_4,0.0
h57_3,0.0
h56_3,0.0
h56_1,0.0
h54_5,0.0
h55_2,0.0
h54y_6,0.0
h54y_5,0.0
h54y_4,0.0
h54y_3,0.0
h54y_2,0.0
h54y_1,0.0
h54m_6,0.0
h54m_5,0.0
h54m_4,0.0
h54m_3,0.0
h54m_2,0.0
h54m_1,0.0
h54d_6,0.0
h54d_5,0.0
h54d_4,0.0
h54d_3,0.0
h54d_2,0.0
h54d_1,0.0
h54_6,0.0
h55_1,0.0
h55_3,0.0
h55y_6,0.0
h55_4,0.0
h55y_5,0.0
h55y_4,0.0
h55y_3,0.0
h55y_2,0.0
h55y_1,0.0
h55m_6,0.0
h55m_5,0.0
h55m_4,0.0
h55m_3,0.0
h55m_2,0.0
h55m_1,0.0
h55d_6,0.0
h55d_5,0.0
h55d_4,0.0
h55d_3,0.0
h55d_2,0.0
h55d_1,0.0
h55_6,0.0
h55_5,0.0
h37q_3,0.0
h37r_3,0.0
h37q_5,0.0
mm13_04,0.0
mm13_13,0.0
mm13_12,0.0
mm13_11,0.0
mm13_10,0.0
mm13_09,0.0
mm13_08,0.0
mm13_07,0.0
mm13_06,0.0
mm13_05,0.0
mm13_03,0.0
mm10_06,0.0
mm13_02,0.0
mm13_01,0.0
mm12_20,0.0
mm12_19,0.0
mm12_18,0.0
mm12_17,0.0
mm12_16,0.0
mm12_15,0.0
mm12_14,0.0
mm13_14,0.0
mm13_15,0.0
mm13_16,0.0
mm13_17,0.0
mm14_16,0.0
mm14_15,0.0
mm14_14,0.0
mm14_13,0.0
mm14_12,0.0
mm14_11,0.0
mm14_10,0.0
mm14_09,0.0
mm14_08,0.0
mm14_07,0.0
mm14_06,0.0
mm14_05,0.0
mm14_04,0.0
mm14_03,0.0
mm14_02,0.0
mm14_01,0.0
mm13_20,0.0
mm13_19,0.0
mm13_18,0.0
mm12_13,0.0
mm12_12,0.0
mm12_11,0.0
mm11_08,0.0
mm11_06,0.0
mm11_05,0.0
mm11_04,0.0
mm11_03,0.0
mm11_02,0.0
mm11_01,0.0
mm10_20,0.0
mm10_19,0.0
mm10_18,0.0
mm10_17,0.0
mm10_16,0.0
mm10_15,0.0
mm10_14,0.0
mm10_13,0.0
mm10_12,0.0
mm10_11,0.0
mm10_10,0.0
mm10_09,0.0
mm10_08,0.0
mm11_07,0.0
mm11_09,0.0
mm12_10,0.0
mm11_10,0.0
mm12_09,0.0
mm12_08,0.0
mm12_07,0.0
mm12_06,0.0
mm12_05,0.0
mm12_04,0.0
mm12_03,0.0
mm12_02,0.0
mm12_01,0.0
mm11_20,0.0
mm11_19,0.0
mm11_18,0.0
mm11_17,0.0
mm11_16,0.0
mm11_15,0.0
mm11_14,0.0
mm11_13,0.0
mm11_12,0.0
mm11_11,0.0
mm14_17,0.0
mm14_18,0.0
mm14_19,0.0
d103f,0.0
d103d,0.0
d103b,0.0
d102,0.0
d101j,0.0
d101i,0.0
d101h,0.0
d101g,0.0
d101f,0.0
d101e,0.0
d101d,0.0
d101c,0.0
d101b,0.0
d101a,0.0
d100,0.0
d005,0.0
mmc5,0.0
mmc4_6,0.0
mmc4_5,0.0
mmc4_4,0.0
d103e,0.0
d105a,0.0
mmc4_2,0.0
d105c,0.0
d112,0.0
d110h,0.0
d110g,0.0
d110f,0.0
d110e,0.0
d110d,0.0
d110c,0.0
d110b,0.0
d109,0.0
d105n,0.0
d105m,0.0
d105l,0.0
d105k,0.0
d105j,0.0
d105i,0.0
d105g,0.0
d105f,0.0
d105e,0.0
d105d,0.0
mmc4_3,0.0
mmc4_1,0.0
mm14_20,0.0
mm16_01,0.0
mm15_19,0.0
mm15_18,0.0
mm15_17,0.0
mm15_16,0.0
mm15_15,0.0
mm15_14,0.0
mm15_13,0.0
mm15_12,0.0
mm15_11,0.0
mm15_10,0.0
mm15_09,0.0
mm15_08,0.0
mm15_07,0.0
mm15_06,0.0
mm15_05,0.0
mm15_04,0.0
mm15_03,0.0
mm15_02,0.0
mm15_01,0.0
mm15_20,0.0
mm16_02,0.0
mmc3,0.0
mm16_03,0.0
mmc2,0.0
mmc1,0.0
mm16_20,0.0
mm16_19,0.0
mm16_18,0.0
mm16_17,0.0
mm16_16,0.0
mm16_15,0.0
mm16_14,0.0
mm16_13,0.0
mm16_12,0.0
mm16_11,0.0
mm16_10,0.0
mm16_09,0.0
mm16_08,0.0
mm16_07,0.0
mm16_06,0.0
mm16_05,0.0
mm16_04,0.0
mm10_07,0.0
mm10_05,0.0
h37q_6,0.0
mm3_19,0.0
mm4_08,0.0
mm4_07,0.0
mm4_06,0.0
mm4_05,0.0
mm4_04,0.0
mm4_03,0.0
mm4_02,0.0
mm4_01,0.0
mm3_20,0.0
mm3_18,0.0
mm10_04,0.0
mm3_17,0.0
mm3_16,0.0
mm3_15,0.0
mm3_14,0.0
mm3_13,0.0
mm3_12,0.0
mm3_11,0.0
mm3_10,0.0
mm3_09,0.0
mm4_09,0.0
mm4_10,0.0
mm4_11,0.0
mm4_12,0.0
mm5_11,0.0
mm5_10,0.0
mm5_09,0.0
mm5_08,0.0
mm5_07,0.0
mm5_06,0.0
mm5_05,0.0
mm5_04,0.0
mm5_03,0.0
mm5_02,0.0
mm5_01,0.0
mm4_20,0.0
mm4_19,0.0
mm4_18,0.0
mm4_17,0.0
mm4_16,0.0
mm4_15,0.0
mm4_14,0.0
mm4_13,0.0
mm3_08,0.0
mm3_07,0.0
mm3_06,0.0
mm2_03,0.0
mm2_01,0.0
mm1_20,0.0
mm1_19,0.0
mm1_18,0.0
mm1_17,0.0
mm1_16,0.0
mm1_15,0.0
mm1_14,0.0
mm1_13,0.0
mm1_12,0.0
mm1_11,0.0
mm1_10,0.0
mm1_09,0.0
mm1_08,0.0
mm1_07,0.0
mm1_06,0.0
mm1_05,0.0
mm1_04,0.0
mm1_03,0.0
mm2_02,0.0
mm2_04,0.0
mm3_05,0.0
mm2_05,0.0
mm3_04,0.0
mm3_03,0.0
mm3_02,0.0
mm3_01,0.0
mm2_20,0.0
mm2_19,0.0
mm2_18,0.0
mm2_17,0.0
mm2_16,0.0
mm2_15,0.0
mm2_14,0.0
mm2_13,0.0
mm2_12,0.0
mm2_11,0.0
mm2_10,0.0
mm2_09,0.0
mm2_08,0.0
mm2_07,0.0
mm2_06,0.0
mm5_12,0.0
mm5_13,0.0
mm5_14,0.0
mm9_02,0.0
mm8_20,0.0
mm8_19,0.0
mm8_18,0.0
mm8_17,0.0
mm8_16,0.0
mm8_15,0.0
mm8_14,0.0
mm8_13,0.0
mm8_12,0.0
mm8_11,0.0
mm8_10,0.0
mm8_09,0.0
mm8_08,0.0
mm8_07,0.0
mm8_06,0.0
mm8_05,0.0
mm8_04,0.0
mm8_03,0.0
mm8_02,0.0
mm9_01,0.0
mm9_03,0.0
mm7_20,0.0
mm9_04,0.0
mm10_03,0.0
mm10_02,0.0
mm10_01,0.0
mm9_20,0.0
mm9_19,0.0
mm9_18,0.0
mm9_17,0.0
mm9_16,0.0
mm9_15,0.0
mm9_14,0.0
mm9_13,0.0
mm9_12,0.0
mm9_11,0.0
mm9_10,0.0
mm9_09,0.0
mm9_08,0.0
mm9_07,0.0
mm9_06,0.0
mm9_05,0.0
mm8_01,0.0
mm7_19,0.0
mm5_15,0.0
mm6_16,0.0
mm6_14,0.0
mm6_13,0.0
mm6_12,0.0
mm6_11,0.0
mm6_10,0.0
mm6_09,0.0
mm6_08,0.0
mm6_07,0.0
mm6_06,0.0
mm6_05,0.0
mm6_04,0.0
mm6_03,0.0
mm6_02,0.0
mm6_01,0.0
mm5_20,0.0
mm5_19,0.0
mm5_18,0.0
mm5_17,0.0
mm5_16,0.0
mm6_15,0.0
mm6_17,0.0
mm7_18,0.0
mm6_18,0.0
mm7_17,0.0
mm7_16,0.0
mm7_15,0.0
mm7_14,0.0
mm7_13,0.0
mm7_12,0.0
mm7_11,0.0
mm7_10,0.0
mm7_09,0.0
mm7_08,0.0
mm7_07,0.0
mm7_06,0.0
mm7_05,0.0
mm7_04,0.0
mm7_03,0.0
mm7_02,0.0
mm7_01,0.0
mm6_20,0.0
mm6_19,0.0
d112a,0.0
d113,0.0
d114,0.0
s820a,0.0
idx94_4,0.0
idx94_3,0.0
idx94_2,0.0
idx94_1,0.0
s1436d,0.0
s1009a,0.0
s1004a,0.0
s820c,0.0
s820b,0.0
s816a,0.0
d115b,0.0
s109a,0.0
fi12,0.0
fi11,0.0
fi10,0.0
fi9x,0.0
fi9l,0.0
fi9k,0.0
fi9j,0.0
fi9i,0.0
idx94_5,0.0
idx94_6,0.0
idx94p_1,0.0
idx94p_2,0.0
s509vaa_3,0.0
s509vaa_2,0.0
s509vaa_1,0.0
idx95_6,0.0
idx95_5,0.0
idx95_4,0.0
idx95_3,0.0
idx95_2,0.0
idx95_1,0.0
s415o_6,0.0
s415o_5,0.0
s415o_4,0.0
s415o_3,0.0
s415o_2,0.0
s415o_1,0.0
idx94p_6,0.0
idx94p_5,0.0
idx94p_4,0.0
idx94p_3,0.0
fi9h,0.0
fi9g,0.0
fi9f,0.0
mth18n,0.0
mth18l,0.0
mth18k,0.0
mth18j,0.0
mth18i,0.0
mth18h,0.0
mth18g,0.0
mth18f,0.0
mth18e,0.0
mth18d,0.0
mth18c,0.0
mth18b,0.0
mth18a,0.0
mth17,0.0
mth16,0.0
mth15,0.0
mth14,0.0
mth13,0.0
mth12,0.0
mth11,0.0
mth18m,0.0
mth18o,0.0
fi9e,0.0
mth18p,0.0
fi9d,0.0
fi9c,0.0
fi9b,0.0
fi9a,0.0
fi8,0.0
fi7,0.0
fi6,0.0
fi5,0.0
fi4,0.0
fi3,0.0
fi2,0.0
fi1,0.0
mth24,0.0
mth23,0.0
mth22,0.0
mth21,0.0
mth20,0.0
mth19,0.0
mth18x,0.0
s509vaa_4,0.0
s509vaa_5,0.0
s509vaa_6,0.0
s606ac_2,0.0
s606ab_6,0.0
s606ab_5,0.0
s606ab_4,0.0
s606ab_3,0.0
s606ab_2,0.0
s606ab_1,0.0
s606aa_6,0.0
s606aa_5,0.0
s606aa_4,0.0
s606aa_3,0.0
s606aa_2,0.0
s606aa_1,0.0
s605ax_6,0.0
s605ax_5,0.0
s605ax_4,0.0
s605ax_3,0.0
s605ax_2,0.0
s605ax_1,0.0
s605ad_6,0.0
s606ac_1,0.0
s606ac_3,0.0
s605ad_4,0.0
s606ac_4,0.0
s615c_5,0.0
s615c_4,0.0
s615c_3,0.0
s615c_2,0.0
s615c_1,0.0
s606ax_6,0.0
s606ax_5,0.0
s606ax_4,0.0
s606ax_3,0.0
s606ax_2,0.0
s606ax_1,0.0
s606ad_6,0.0
s606ad_5,0.0
s606ad_4,0.0
s606ad_3,0.0
s606ad_2,0.0
s606ad_1,0.0
s606ac_6,0.0
s606ac_5,0.0
s605ad_5,0.0
s605ad_3,0.0
sd509vaa_1,0.0
idx96_4,0.0
idx96_2,0.0
idx96_1,0.0
sy509vaa_6,0.0
sy509vaa_5,0.0
sy509vaa_4,0.0
sy509vaa_3,0.0
sy509vaa_2,0.0
sy509vaa_1,0.0
sm509vaa_6,0.0
sm509vaa_5,0.0
sm509vaa_4,0.0
sm509vaa_3,0.0
sm509vaa_2,0.0
sm509vaa_1,0.0
sd509vaa_6,0.0
sd509vaa_5,0.0
sd509vaa_4,0.0
sd509vaa_3,0.0
sd509vaa_2,0.0
idx96_3,0.0
idx96_5,0.0
s605ad_2,0.0
idx96_6,0.0
s605ad_1,0.0
s605ac_6,0.0
s605ac_5,0.0
s605ac_4,0.0
s605ac_3,0.0
s605ac_2,0.0
s605ac_1,0.0
s605ab_6,0.0
s605ab_5,0.0
s605ab_4,0.0
s605ab_3,0.0
s605ab_2,0.0
s605ab_1,0.0
s605aa_6,0.0
s605aa_5,0.0
s605aa_4,0.0
s605aa_3,0.0
s605aa_2,0.0
s605aa_1,0.0
mth10,0.0
mth9,0.0
mth8,0.0
d118xf,0.0
d118xd,0.0
d118xc,0.0
d118xb,0.0
d118xa,0.0
d118y,0.0
d118x,0.0
d118w,0.0
d118v,0.0
d118u,0.0
d118t,0.0
d118s,0.0
d118r,0.0
d118q,0.0
d118p,0.0
d118o,0.0
d118n,0.0
d118m,0.0
d118l,0.0
d118k,0.0
d118xe,0.0
d118xg,0.0
d118i,0.0
d118xh,0.0
d119p,0.0
d119o,0.0
d119n,0.0
d119m,0.0
d119l,0.0
d119k,0.0
d119j,0.0
d119i,0.0
d119h,0.0
d119g,0.0
d119f,0.0
d119e,0.0
d119d,0.0
d119c,0.0
d119b,0.0
d119a,0.0
d118xk,0.0
d118xj,0.0
d118xi,0.0
d118j,0.0
d118h,0.0
d119r,0.0
d115w,0.0
d115u,0.0
d115t,0.0
d115s,0.0
d115r,0.0
d115q,0.0
d115p,0.0
d115o,0.0
d115n,0.0
d115m,0.0
d115l,0.0
d115k,0.0
d115j,0.0
d115i,0.0
d115h,0.0
d115g,0.0
d115f,0.0
d115e,0.0
d115d,0.0
d115c,0.0
d115v,0.0
d115x,0.0
d118g,0.0
d115y,0.0
d118f,0.0
d118e,0.0
d118d,0.0
d118c,0.0
d118b,0.0
d118a,0.0
d117a,0.0
d116,0.0
d115xk,0.0
d115xj,0.0
d115xi,0.0
d115xh,0.0
d115xg,0.0
d115xf,0.0
d115xe,0.0
d115xd,0.0
d115xc,0.0
d115xb,0.0
d115xa,0.0
d119q,0.0
d119s,0.0
mth7,0.0
chd17,0.0
chd15,0.0
chd14,0.0
chd13,0.0
chd12,0.0
chd11,0.0
chd10,0.0
chd09,0.0
chd08,0.0
chd07,0.0
chd06,0.0
chd05,0.0
chd04,0.0
chd03,0.0
chd02,0.0
chd01,0.0
d130c,0.0
d130b,0.0
d130a,0.0
d129,0.0
chd16,0.0
chd18,0.0
d127x,0.0
chd19,0.0
mth6,0.0
mth5,0.0
mth4,0.0
mth3,0.0
mth2,0.0
mth1,0.0
chd33,0.0
chd32,0.0
chd31,0.0
chd30,0.0
chd29,0.0
chd28,0.0
chd27,0.0
chd25,0.0
chd24,0.0
chd23,0.0
chd22,0.0
chd21,0.0
chd20,0.0
d128,0.0
d127r,0.0
d119t,0.0
d122c,0.0
d122a,0.0
d121,0.0
d120,0.0
d119xk,0.0
d119xj,0.0
d119xi,0.0
d119xh,0.0
d119xg,0.0
d119xf,0.0
d119xe,0.0
d119xd,0.0
d119xc,0.0
d119xb,0.0
d119xa,0.0
d119y,0.0
d119x,0.0
d119w,0.0
d119v,0.0
d119u,0.0
d122b,0.0
d123,0.0
d127q,0.0
d124,0.0
d127p,0.0
d127o,0.0
d127n,0.0
d127m,0.0
d127l,0.0
d127k,0.0
d127j,0.0
d127i,0.0
d127h,0.0
d127g,0.0
d127f,0.0
d127e,0.0
d127d,0.0
d127c,0.0
d127b,0.0
d127a,0.0
d127,0.0
d126,0.0
d125,0.0
mm1_02,0.0
mm1_01,0.0
mmidx_20,0.0
hw57_1,0.0
hw57a_4,0.0
hw57a_3,0.0
hw57a_2,0.0
hw57a_1,0.0
hw57_6,0.0
hw57_5,0.0
hw57_4,0.0
hw57_3,0.0
hw57_2,0.0
hw56a_6,0.0
v472g,0.0
hw56a_5,0.0
hw56a_4,0.0
hw56a_3,0.0
hw56a_2,0.0
hw56a_1,0.0
hw56_6,0.0
hw56_5,0.0
hw56_4,0.0
hw56_3,0.0
hw57a_5,0.0
hw57a_6,0.0
hw58_1,0.0
hw58_2,0.0
hw72_3,0.0
hw72_2,0.0
hw72_1,0.0
hw71_6,0.0
hw71_5,0.0
hw71_4,0.0
hw71_3,0.0
hw71_2,0.0
hw71_1,0.0
hw70_6,0.0
hw70_5,0.0
hw70_4,0.0
hw70_3,0.0
hw70_2,0.0
hw70_1,0.0
hw58_6,0.0
hw58_5,0.0
hw58_4,0.0
hw58_3,0.0
hw56_2,0.0
hw56_1,0.0
hw55_6,0.0
hw51_1,0.0
hw19_5,0.0
hw19_4,0.0
hw19_3,0.0
hw19_2,0.0
hw19_1,0.0
hw18_6,0.0
hw18_5,0.0
hw18_4,0.0
hw18_3,0.0
hw18_2,0.0
hw18_1,0.0
hw17_6,0.0
hw17_5,0.0
hw17_4,0.0
hw17_3,0.0
hw17_2,0.0
hw17_1,0.0
hw16_6,0.0
hw16_5,0.0
hw19_6,0.0
hw51_2,0.0
hw55_5,0.0
hw51_3,0.0
hw55_4,0.0
hw55_3,0.0
hw55_2,0.0
hw55_1,0.0
hw53_6,0.0
hw53_5,0.0
hw53_4,0.0
hw53_3,0.0
hw53_2,0.0
hw53_1,0.0
hw52_6,0.0
hw52_5,0.0
hw52_4,0.0
hw52_3,0.0
hw52_2,0.0
hw52_1,0.0
hw51_6,0.0
hw51_5,0.0
hw51_4,0.0
hw72_4,0.0
hw72_5,0.0
hw72_6,0.0
v467h,0.0
v467f,0.0
v467e,0.0
v467d,0.0
v467c,0.0
v467b,0.0
v467a,0.0
v466,0.0
v464,0.0
v463ab,0.0
v463aa,0.0
v463z,0.0
v463x,0.0
v463l,0.0
v463k,0.0
v463j,0.0
v463i,0.0
v463h,0.0
v463g,0.0
v463f,0.0
v467g,0.0
v467i,0.0
v463d,0.0
v467j,0.0
v472e,0.0
v472d,0.0
v472c,0.0
v472b,0.0
v472a,0.0
v471i,0.0
v471h,0.0
v471g,0.0
v471f,0.0
v471e,0.0
v471d,0.0
v471cs,0.0
v471c,0.0
v471b,0.0
v471a,0.0
v468,0.0
v467m,0.0
v467l,0.0
v467k,0.0
v463e,0.0
v463c,0.0
hw73_1,0.0
v437,0.0
v421,0.0
v420,0.0
v419,0.0
v418a,0.0
v418,0.0
v417,0.0
v416,0.0
v415,0.0
v408,0.0
v407,0.0
v406,0.0
v405,0.0
v404,0.0
v401,0.0
hw73_6,0.0
hw73_5,0.0
hw73_4,0.0
hw73_3,0.0
hw73_2,0.0
v426,0.0
v438,0.0
v463b,0.0
v445,0.0
v463a,0.0
v462,0.0
v461,0.0
v460,0.0
v459,0.0
v458,0.0
v457a,0.0
v457,0.0
v456,0.0
v455,0.0
v454,0.0
v453,0.0
v452c,0.0
v452b,0.0
v452a,0.0
v447a,0.0
v446d,0.0
v446a,0.0
v447,0.0
hw16_4,0.0
hw16_3,0.0
hw16_2,0.0
h47_1,0.0
h46b_5,0.0
h46b_4,0.0
h46b_3,0.0
h46b_2,0.0
h46b_1,0.0
h46a_6,0.0
h46a_5,0.0
h46a_4,0.0
h46a_3,0.0
h46a_2,0.0
h46a_1,0.0
h44a_6,0.0
h44a_5,0.0
h44a_4,0.0
h44a_3,0.0
h44a_2,0.0
h44a_1,0.0
h43_6,0.0
h43_5,0.0
h46b_6,0.0
h47_2,0.0
h43_3,0.0
h47_3,0.0
h70c_4,0.0
h70c_3,0.0
h70c_2,0.0
h70c_1,0.0
h70b_6,0.0
h70b_5,0.0
h70b_4,0.0
h70b_3,0.0
h70b_2,0.0
h70b_1,0.0
h70a_6,0.0
h70a_5,0.0
h70a_4,0.0
h70a_3,0.0
h70a_2,0.0
h70a_1,0.0
h47_6,0.0
h47_5,0.0
h47_4,0.0
h43_4,0.0
h43_2,0.0
h70c_6,0.0
h37z_3,0.0
h37z_1,0.0
h37y_6,0.0
h37y_5,0.0
h37y_4,0.0
h37y_3,0.0
h37y_2,0.0
h37y_1,0.0
h37x_6,0.0
h37x_5,0.0
h37x_4,0.0
h37x_3,0.0
h37x_2,0.0
h37x_1,0.0
h37r_6,0.0
h37r_5,0.0
h37r_4,0.0
v414f,0.0
h37r_2,0.0
h37r_1,0.0
h37z_2,0.0
h37z_4,0.0
h43_1,0.0
h37z_5,0.0
h42_6,0.0
h42_5,0.0
h42_4,0.0
h42_3,0.0
h42_2,0.0
h42_1,0.0
h39_6,0.0
h39_5,0.0
h39_4,0.0
h39_3,0.0
h39_2,0.0
h39_1,0.0
h38_6,0.0
h38_5,0.0
h38_4,0.0
h38_3,0.0
h38_2,0.0
h38_1,0.0
h37z_6,0.0
h70c_5,0.0
h71_1,0.0
hw16_1,0.0
hw2_3,0.0
hw2_1,0.0
hw1_6,0.0
hw1_5,0.0
hw1_4,0.0
hw1_3,0.0
hw1_2,0.0
hw1_1,0.0
hwidx_6,0.0
hwidx_5,0.0
hwidx_4,0.0
hwidx_3,0.0
hwidx_2,0.0
hwidx_1,0.0
ml20a_6,0.0
ml20a_5,0.0
ml20a_4,0.0
ml20a_3,0.0
ml20a_2,0.0
ml20a_1,0.0
hw2_2,0.0
hw2_4,0.0
h80g_5,0.0
hw2_5,0.0
hw15_6,0.0
hw15_5,0.0
hw15_4,0.0
hw15_3,0.0
hw15_2,0.0
hw15_1,0.0
hw13_6,0.0
hw13_5,0.0
hw13_4,0.0
hw13_3,0.0
hw13_2,0.0
hw13_1,0.0
hw3_6,0.0
hw3_5,0.0
hw3_4,0.0
hw3_3,0.0
hw3_2,0.0
hw3_1,0.0
hw2_6,0.0
h80g_6,0.0
h80g_4,0.0
h71_2,0.0
h80c_5,0.0
h80c_3,0.0
h80c_2,0.0
h80c_1,0.0
h80b_6,0.0
h80b_5,0.0
h80b_4,0.0
h80b_3,0.0
h80b_2,0.0
h80b_1,0.0
h80a_6,0.0
h80a_5,0.0
h80a_4,0.0
h80a_3,0.0
h80a_2,0.0
h80a_1,0.0
h71_6,0.0
h71_5,0.0
h71_4,0.0
h71_3,0.0
h80c_4,0.0
h80c_6,0.0
h80g_3,0.0
h80d_1,0.0
h80g_2,0.0
h80g_1,0.0
h80f_6,0.0
h80f_5,0.0
h80f_4,0.0
h80f_3,0.0
h80f_2,0.0
h80f_1,0.0
h80e_6,0.0
h80e_5,0.0
h80e_4,0.0
h80e_3,0.0
h80e_2,0.0
h80e_1,0.0
h80d_6,0.0
h80d_5,0.0
h80d_4,0.0
h80d_3,0.0
h80d_2,0.0
v472f,0.0
v472h,0.0
mmidx_19,0.0
v792,0.0
v792i,0.0
v792h,0.0
v792g,0.0
v792f,0.0
v792e,0.0
v792d,0.0
v792c,0.0
v792b,0.0
v792a,0.0
v791a,0.0
v472i,0.0
v785,0.0
v784x,0.0
v784v,0.0
v784u,0.0
v784t,0.0
v784s,0.0
v784r,0.0
v784q,0.0
v784p,0.0
v792j,0.0
v792k,0.0
v792l,0.0
v792m,0.0
v830,0.0
v829,0.0
v828,0.0
v827,0.0
v826a,0.0
v826,0.0
v825,0.0
v824,0.0
v823,0.0
v822,0.0
v821c,0.0
v821b,0.0
v821a,0.0
v820,0.0
v792y,0.0
v792x,0.0
v792p,0.0
v792o,0.0
v792n,0.0
v784o,0.0
v784n,0.0
v784m,0.0
v774a,0.0
v770w,0.0
v770v,0.0
v770u,0.0
v770t,0.0
v770s,0.0
v770r,0.0
v770q,0.0
v770p,0.0
v770o,0.0
v770n,0.0
v770m,0.0
v770l,0.0
v770k,0.0
v770j,0.0
v770i,0.0
v770h,0.0
v770g,0.0
v770f,0.0
v770e,0.0
v770x,0.0
v774b,0.0
v784l,0.0
v774c,0.0
v784k,0.0
v784j,0.0
v784i,0.0
v784h,0.0
v784g,0.0
v784f,0.0
v784e,0.0
v784d,0.0
v784c,0.0
v784b,0.0
v784a,0.0
v783,0.0
v781,0.0
v780,0.0
v779,0.0
v778,0.0
v777a,0.0
v777,0.0
v775,0.0
v831,0.0
v832b,0.0
v832c,0.0
v815b,0.0
v814,0.0
v813,0.0
v812,0.0
v811,0.0
v806,0.0
v805,0.0
v804,0.0
v803,0.0
v802,0.0
v801,0.0
v867g,0.0
v867f,0.0
v867e,0.0
v867d,0.0
v867c,0.0
v867b,0.0
v867a,0.0
v866,0.0
v865,0.0
v815a,0.0
v815c,0.0
v863,0.0
vcol_1,0.0
mmidx_18,0.0
mmidx_17,0.0
mmidx_16,0.0
mmidx_15,0.0
mmidx_14,0.0
mmidx_13,0.0
mmidx_12,0.0
mmidx_11,0.0
mmidx_10,0.0
mmidx_09,0.0
mmidx_08,0.0
mmidx_07,0.0
mmidx_06,0.0
mmidx_05,0.0
mmidx_04,0.0
mmidx_03,0.0
mmidx_02,0.0
mmidx_01,0.0
vcol_2,0.0
v864,0.0
v862c,0.0
v833a,0.0
v843,0.0
v841a,0.0
v841,0.0
v840a,0.0
v840,0.0
v839a,0.0
v839,0.0
v838c,0.0
v838b,0.0
v838a,0.0
v837,0.0
v836,0.0
v835c,0.0
v835b,0.0
v835a,0.0
v834c,0.0
v834b,0.0
v834a,0.0
v833c,0.0
v833b,0.0
v842,0.0
v850a,0.0
v862y,0.0
v850b,0.0
v862m,0.0
v861,0.0
v860c,0.0
v860y,0.0
v860m,0.0
v859,0.0
v858,0.0
v857d,0.0
v857c,0.0
v857b,0.0
v857a,0.0
v856,0.0
v855,0.0
v853c,0.0
v853b,0.0
v853a,0.0
v852c,0.0
v852b,0.0
v852a,0.0
v770d,0.0
v770c,0.0
v770b,0.0
v530,0.0
v528,0.0
v527,0.0
v525,0.0
v513,0.0
v512,0.0
v511a,0.0
v510a,0.0
v509a,0.0
v508a,0.0
v507a,0.0
v511,0.0
v510,0.0
v509,0.0
v508,0.0
v507,0.0
v506,0.0
v505,0.0
v504,0.0
v503,0.0
v529,0.0
v531,0.0
v501,0.0
v532,0.0
v603,0.0
v602,0.0
v544,0.0
v543x,0.0
v543g,0.0
v543f,0.0
v543e,0.0
v543d,0.0
v543c,0.0
v543b,0.0
v543a,0.0
v542,0.0
v541,0.0
v540,0.0
v539,0.0
v538,0.0
v537,0.0
v536,0.0
v535,0.0
v502,0.0
v485b,0.0
v605,0.0
v473b,0.0
v472we,0.0
v472wd,0.0
v472wc,0.0
v472wb,0.0
v472wa,0.0
v472w,0.0
v472v,0.0
v472u,0.0
v472t,0.0
v472s,0.0
v472r,0.0
v472q,0.0
v472p,0.0
v472o,0.0
v472n,0.0
v472m,0.0
v472l,0.0
v472k,0.0
v472j,0.0
v473a,0.0
v477,0.0
v485a,0.0
v478,0.0
v484b,0.0
v484a,0.0
v483b,0.0
v483a,0.0
v482c,0.0
v482b,0.0
v482a,0.0
v481x,0.0
v481h,0.0
v481g,0.0
v481f,0.0
v481e,0.0
v481d,0.0
v481c,0.0
v481b,0.0
v481a,0.0
v481,0.0
v480,0.0
v479,0.0
v604,0.0
v613,0.0
v770a,0.0
v756,0.0
v754jp,0.0
v754dp,0.0
v754cp,0.0
v754bp,0.0
v751,0.0
v750,0.0
v746,0.0
v745d,0.0
v745c,0.0
v745b,0.0
v745a,0.0
v744e,0.0
v744d,0.0
v744c,0.0
v744b,0.0
v744a,0.0
v743f,0.0
v743e,0.0
v743d,0.0
v754wp,0.0
v761,0.0
v743b,0.0
v761b,0.0
v770,0.0
v768c,0.0
v768b,0.0
v768a,0.0
v767c,0.0
v767b,0.0
v767a,0.0
v766b,0.0
v766a,0.0
v763g,0.0
v763f,0.0
v763e,0.0
v763d,0.0
v763c,0.0
v763b,0.0
v763a,0.0
v762a,0.0
v762,0.0
v761c,0.0
v743c,0.0
v743a,0.0
v614,0.0
v633g,0.0
v633e,0.0
v633d,0.0
v633c,0.0
v633b,0.0
v633a,0.0
v632a,0.0
v632,0.0
v631,0.0
v629,0.0
v628,0.0
v627,0.0
v626a,0.0
v625a,0.0
v626,0.0
v625,0.0
v624,0.0
v623,0.0
v621,0.0
v616,0.0
v633f,0.0
v634,0.0
v741,0.0
v635,0.0
v740,0.0
v739,0.0
v732,0.0
v731,0.0
v730,0.0
v729,0.0
v721,0.0
v719,0.0
v717,0.0
v716,0.0
v715,0.0
v714a,0.0
v714,0.0
v705,0.0
v704a,0.0
v704,0.0
v702,0.0
v701,0.0
v636,0.0
v414g,0.0
v414d,0.0
v414e,0.0
p17_20,0.0
p18_10,0.0
p18_09,0.0
p18_08,0.0
p18_07,0.0
p18_06,0.0
p18_05,0.0
p18_04,0.0
p18_03,0.0
p18_02,0.0
p17_19,0.0
p19_15,0.0
p17_18,0.0
p17_17,0.0
p17_16,0.0
p17_15,0.0
p17_14,0.0
p17_13,0.0
p17_12,0.0
p17_11,0.0
p17_10,0.0
p18_11,0.0
p18_12,0.0
p18_13,0.0
p18_14,0.0
p19_13,0.0
p19_12,0.0
p19_11,0.0
p19_10,0.0
p19_09,0.0
p19_08,0.0
p19_07,0.0
p19_06,0.0
p19_05,0.0
p19_04,0.0
p19_03,0.0
p19_02,0.0
p19_01,0.0
p18_20,0.0
p18_19,0.0
p18_18,0.0
p18_17,0.0
p18_16,0.0
p18_15,0.0
p17_09,0.0
p17_08,0.0
p17_07,0.0
p16_04,0.0
p16_02,0.0
p16_01,0.0
p15_20,0.0
p15_19,0.0
p15_18,0.0
p15_17,0.0
p15_16,0.0
p15_15,0.0
p15_14,0.0
p15_13,0.0
p15_12,0.0
p15_11,0.0
p15_10,0.0
p15_09,0.0
p15_08,0.0
p15_07,0.0
p15_06,0.0
p15_05,0.0
p15_04,0.0
p16_03,0.0
p16_05,0.0
p17_06,0.0
p16_06,0.0
p17_05,0.0
p17_04,0.0
p17_03,0.0
p17_02,0.0
p17_01,0.0
p16_20,0.0
p16_19,0.0
p16_18,0.0
p16_17,0.0
p16_16,0.0
p16_15,0.0
p16_14,0.0
p16_13,0.0
p16_12,0.0
p16_11,0.0
p16_10,0.0
p16_09,0.0
p16_08,0.0
p16_07,0.0
p19_14,0.0
p19_16,0.0
v003,0.0
p30_14,0.0
p31_03,0.0
p31_02,0.0
p31_01,0.0
p30_20,0.0
p30_19,0.0
p30_18,0.0
p30_17,0.0
p30_16,0.0
p30_15,0.0
p30_13,0.0
p19_17,0.0
p30_12,0.0
p30_11,0.0
p30_10,0.0
p30_09,0.0
p30_08,0.0
p30_07,0.0
p30_06,0.0
p30_05,0.0
p30_04,0.0
p31_04,0.0
p31_05,0.0
p31_06,0.0
p31_07,0.0
p32_06,0.0
p32_05,0.0
p32_04,0.0
p32_03,0.0
p32_02,0.0
p32_01,0.0
p31_20,0.0
p31_19,0.0
p31_18,0.0
p31_17,0.0
p31_16,0.0
p31_15,0.0
p31_14,0.0
p31_13,0.0
p31_12,0.0
p31_11,0.0
p31_10,0.0
p31_09,0.0
p31_08,0.0
p30_03,0.0
p30_02,0.0
p30_01,0.0
p20_18,0.0
p20_16,0.0
p20_15,0.0
p20_14,0.0
p20_13,0.0
p20_12,0.0
p20_11,0.0
p20_10,0.0
p20_09,0.0
p20_08,0.0
p20_07,0.0
p20_06,0.0
p20_05,0.0
p20_04,0.0
p20_03,0.0
p20_02,0.0
p20_01,0.0
p19_20,0.0
p19_19,0.0
p19_18,0.0
p20_17,0.0
p20_19,0.0
p21_20,0.0
p20_20,0.0
p21_19,0.0
p21_18,0.0
p21_17,0.0
p21_16,0.0
p21_15,0.0
p21_14,0.0
p21_13,0.0
p21_12,0.0
p21_11,0.0
p21_10,0.0
p21_09,0.0
p21_08,0.0
p21_07,0.0
p21_06,0.0
p21_05,0.0
p21_04,0.0
p21_03,0.0
p21_02,0.0
p21_01,0.0
p15_03,0.0
p15_02,0.0
p15_01,0.0
p7_15,0.0
p8_04,0.0
p8_03,0.0
p8_02,0.0
p8_01,0.0
p7_20,0.0
p7_19,0.0
p7_18,0.0
p7_17,0.0
p7_16,0.0
p7_14,0.0
p13_20,0.0
p7_13,0.0
p7_12,0.0
p7_11,0.0
p7_10,0.0
p7_09,0.0
p7_08,0.0
p7_07,0.0
p7_06,0.0
p7_05,0.0
p8_05,0.0
p8_06,0.0
p8_07,0.0
p8_08,0.0
p9_07,0.0
p9_06,0.0
p9_05,0.0
p9_04,0.0
p9_03,0.0
p9_02,0.0
p9_01,0.0
p8_20,0.0
p8_19,0.0
p8_18,0.0
p8_17,0.0
p8_16,0.0
p8_15,0.0
p8_14,0.0
p8_13,0.0
p8_12,0.0
p8_11,0.0
p8_10,0.0
p8_09,0.0
p7_04,0.0
p7_03,0.0
p7_02,0.0
p5_19,0.0
p5_17,0.0
p5_16,0.0
p5_15,0.0
p5_14,0.0
p5_13,0.0
p5_12,0.0
p5_11,0.0
p5_10,0.0
p5_09,0.0
p5_08,0.0
p5_07,0.0
p5_06,0.0
p5_05,0.0
p5_04,0.0
p5_03,0.0
p5_02,0.0
p5_01,0.0
p4_20,0.0
p4_19,0.0
p5_18,0.0
p5_20,0.0
p7_01,0.0
p6_01,0.0
p6_20,0.0
p6_19,0.0
p6_18,0.0
p6_17,0.0
p6_16,0.0
p6_15,0.0
p6_14,0.0
p6_13,0.0
p6_12,0.0
p6_11,0.0
p6_10,0.0
p6_09,0.0
p6_08,0.0
p6_07,0.0
p6_06,0.0
p6_05,0.0
p6_04,0.0
p6_03,0.0
p6_02,0.0
p9_08,0.0
p9_09,0.0
p9_10,0.0
p12_18,0.0
p12_16,0.0
p12_15,0.0
p12_14,0.0
p12_13,0.0
p12_12,0.0
p12_11,0.0
p12_10,0.0
p12_09,0.0
p12_08,0.0
p12_07,0.0
p12_06,0.0
p12_05,0.0
p12_04,0.0
p12_03,0.0
p12_02,0.0
p12_01,0.0
p11_20,0.0
p11_19,0.0
p11_18,0.0
p12_17,0.0
p12_19,0.0
p11_16,0.0
p12_20,0.0
p13_19,0.0
p13_18,0.0
p13_17,0.0
p13_16,0.0
p13_15,0.0
p13_14,0.0
p13_13,0.0
p13_12,0.0
p13_11,0.0
p13_10,0.0
p13_09,0.0
p13_08,0.0
p13_07,0.0
p13_06,0.0
p13_05,0.0
p13_04,0.0
p13_03,0.0
p13_02,0.0
p13_01,0.0
p11_17,0.0
p11_15,0.0
p9_11,0.0
p10_12,0.0
p10_10,0.0
p10_09,0.0
p10_08,0.0
p10_07,0.0
p10_06,0.0
p10_05,0.0
p10_04,0.0
p10_03,0.0
p10_02,0.0
p10_01,0.0
p9_20,0.0
p9_19,0.0
p9_18,0.0
p9_17,0.0
p9_16,0.0
p9_15,0.0
p9_14,0.0
p9_13,0.0
p9_12,0.0
p10_11,0.0
p10_13,0.0
p11_14,0.0
p10_14,0.0
p11_13,0.0
p11_12,0.0
p11_11,0.0
p11_10,0.0
p11_09,0.0
p11_08,0.0
p11_07,0.0
p11_06,0.0
p11_05,0.0
p11_04,0.0
p11_03,0.0
p11_02,0.0
p11_01,0.0
p10_20,0.0
p10_19,0.0
p10_18,0.0
p10_17,0.0
p10_16,0.0
p10_15,0.0
p32_07,0.0
p32_08,0.0
p32_09,0.0
v3a08e,0.0
v3a08n,0.0
v3a08m,0.0
v3a08l,0.0
v3a08k,0.0
v3a08j,0.0
v3a08i,0.0
v3a08h,0.0
v3a08g,0.0
v3a08f,0.0
v3a08d,0.0
v372a,0.0
v3a08c,0.0
v3a08b,0.0
v3a08a,0.0
v3a07,0.0
v3a06,0.0
v3a05,0.0
v3a04,0.0
v3a03,0.0
v3a02,0.0
v3a08o,0.0
v3a08p,0.0
v3a08q,0.0
v3a08r,0.0
v3a13,0.0
v3a12,0.0
v3a11,0.0
v3a10,0.0
v3a09b,0.0
v3a09a,0.0
v3a08z,0.0
v3a08x,0.0
v3a08af,0.0
v3a08ae,0.0
v3a08ad,0.0
v3a08ac,0.0
v3a08ab,0.0
v3a08aa,0.0
v3a08w,0.0
v3a08v,0.0
v3a08u,0.0
v3a08t,0.0
v3a08s,0.0
v3a01,0.0
v3a00z,0.0
v3a00y,0.0
v3a00b,0.0
v395,0.0
v394,0.0
v393a,0.0
v393,0.0
v384k,0.0
v384j,0.0
v384i,0.0
v384h,0.0
v384g,0.0
v384f,0.0
v384e,0.0
v384d,0.0
v384c,0.0
v384b,0.0
v384a,0.0
v380,0.0
v379,0.0
v376a,0.0
v376,0.0
v3a00a,0.0
v3a00c,0.0
v3a00x,0.0
v3a00d,0.0
v3a00w,0.0
v3a00v,0.0
v3a00u,0.0
v3a00t,0.0
v3a00s,0.0
v3a00r,0.0
v3a00q,0.0
v3a00p,0.0
v3a00o,0.0
v3a00n,0.0
v3a00m,0.0
v3a00l,0.0
v3a00k,0.0
v3a00j,0.0
v3a00i,0.0
v3a00h,0.0
v3a00g,0.0
v3a00f,0.0
v3a00e,0.0
v3a14,0.0
midx_1,0.0
midx_2,0.0
m2d_4,0.0
m2d_2,0.0
m2d_1,0.0
m2c_6,0.0
m2c_5,0.0
m2c_4,0.0
m2c_3,0.0
m2c_2,0.0
m2c_1,0.0
m2b_6,0.0
m2b_5,0.0
m2b_4,0.0
m2b_3,0.0
m2b_2,0.0
m2b_1,0.0
m2a_6,0.0
m2a_5,0.0
m2a_4,0.0
m2a_3,0.0
m2a_2,0.0
m2d_3,0.0
m2d_5,0.0
m1e_6,0.0
m2d_6,0.0
m2h_1,0.0
m2g_6,0.0
m2g_5,0.0
m2g_4,0.0
m2g_3,0.0
m2g_2,0.0
m2g_1,0.0
m2f_6,0.0
m2f_5,0.0
m2f_4,0.0
m2f_3,0.0
m2f_2,0.0
m2f_1,0.0
m2e_6,0.0
m2e_5,0.0
m2e_4,0.0
m2e_3,0.0
m2e_2,0.0
m2e_1,0.0
m2a_1,0.0
m1e_5,0.0
midx_3,0.0
m1a_6,0.0
m1a_4,0.0
m1a_3,0.0
m1a_2,0.0
m1a_1,0.0
m1_6,0.0
m1_5,0.0
m1_4,0.0
m1_3,0.0
m1_2,0.0
m1_1,0.0
midxp_6,0.0
midxp_5,0.0
midxp_4,0.0
midxp_3,0.0
midxp_2,0.0
midxp_1,0.0
midx_6,0.0
midx_5,0.0
midx_4,0.0
m1a_5,0.0
m1b_1,0.0
m1e_4,0.0
m1b_2,0.0
m1e_3,0.0
m1e_2,0.0
m1e_1,0.0
m1d_6,0.0
m1d_5,0.0
m1d_4,0.0
m1d_3,0.0
m1d_2,0.0
m1d_1,0.0
m1c_6,0.0
m1c_5,0.0
m1c_4,0.0
m1c_3,0.0
m1c_2,0.0
m1c_1,0.0
m1b_6,0.0
m1b_5,0.0
m1b_4,0.0
m1b_3,0.0
v375a,0.0
v372,0.0
p32_10,0.0
v247a,0.0
v247j,0.0
v247i,0.0
v247h,0.0
v247g,0.0
v247f,0.0
v247e,0.0
v247d,0.0
v247c,0.0
v247b,0.0
v246,0.0
v367a,0.0
v245,0.0
v244,0.0
v243,0.0
v242,0.0
v241,0.0
v240,0.0
v239,0.0
v238,0.0
v237,0.0
v247k,0.0
v247l,0.0
v247x,0.0
v247y,0.0
v304a_14,0.0
v304a_13,0.0
v304a_12,0.0
v304a_11,0.0
v304a_10,0.0
v304a_09,0.0
v304a_08,0.0
v304a_07,0.0
v304a_06,0.0
v304a_05,0.0
v304a_04,0.0
v304a_03,0.0
v304a_02,0.0
v304a_01,0.0
v302a,0.0
v302,0.0
v301,0.0
v249,0.0
v248,0.0
v235,0.0
v234,0.0
v233,0.0
v211,0.0
v209,0.0
v208,0.0
v207,0.0
v206,0.0
v205,0.0
v204,0.0
v203,0.0
v202,0.0
v201,0.0
p32_20,0.0
p32_19,0.0
p32_18,0.0
p32_17,0.0
p32_16,0.0
p32_15,0.0
p32_14,0.0
p32_13,0.0
p32_12,0.0
p32_11,0.0
v210,0.0
v212,0.0
v232,0.0
v213,0.0
v231,0.0
v230,0.0
v229,0.0
v228,0.0
v227,0.0
v226,0.0
v225,0.0
v224,0.0
v223,0.0
v222,0.0
v221,0.0
v220,0.0
v219,0.0
v218,0.0
v217,0.0
v216,0.0
v215,0.0
v214a,0.0
v214,0.0
v304a_15,0.0
v304a_16,0.0
v304a_17,0.0
v315,0.0
v312,0.0
v311,0.0
v310,0.0
v307_20,0.0
v307_19,0.0
v307_18,0.0
v307_17,0.0
v307_16,0.0
v307_15,0.0
v307_14,0.0
v307_13,0.0
v307_12,0.0
v307_11,0.0
v307_10,0.0
v307_09,0.0
v307_08,0.0
v307_07,0.0
v307_06,0.0
v307_05,0.0
v313,0.0
v316,0.0
v307_03,0.0
v317,0.0
v367,0.0
v364,0.0
v363,0.0
v362,0.0
v361,0.0
v360,0.0
v359,0.0
v337,0.0
v327,0.0
v326,0.0
v325a,0.0
v323a,0.0
v323,0.0
v322,0.0
v321a,0.0
v321,0.0
v320,0.0
v319,0.0
v318,0.0
v307_04,0.0
v307_02,0.0
v304a_18,0.0
v304_19,0.0
v304_17,0.0
v304_16,0.0
v304_15,0.0
v304_14,0.0
v304_13,0.0
v304_12,0.0
v304_11,0.0
v304_10,0.0
v304_09,0.0
v304_08,0.0
v304_07,0.0
v304_06,0.0
v304_05,0.0
v304_04,0.0
v304_03,0.0
v304_02,0.0
v304_01,0.0
v304a_20,0.0
v304a_19,0.0
v304_18,0.0
v304_20,0.0
v307_01,0.0
v305_01,0.0
v305_20,0.0
v305_19,0.0
v305_18,0.0
v305_17,0.0
v305_16,0.0
v305_15,0.0
v305_14,0.0
v305_13,0.0
v305_12,0.0
v305_11,0.0
v305_10,0.0
v305_09,0.0
v305_08,0.0
v305_07,0.0
v305_06,0.0
v305_05,0.0
v305_04,0.0
v305_03,0.0
v305_02,0.0
p4_18,0.0
p4_17,0.0
p4_16,0.0
b3_20,0.0
b4_09,0.0
b4_08,0.0
b4_07,0.0
b4_06,0.0
b4_05,0.0
b4_04,0.0
b4_03,0.0
b4_02,0.0
b4_01,0.0
b3_19,0.0
b1_02,0.0
b3_18,0.0
b3_17,0.0
b3_16,0.0
b3_15,0.0
b3_14,0.0
b3_13,0.0
b3_12,0.0
b3_11,0.0
b3_10,0.0
b4_10,0.0
b4_11,0.0
b4_12,0.0
b4_13,0.0
b5_12,0.0
b5_11,0.0
b5_10,0.0
b5_09,0.0
b5_08,0.0
b5_07,0.0
b5_06,0.0
b5_05,0.0
b5_04,0.0
b5_03,0.0
b5_02,0.0
b5_01,0.0
b4_20,0.0
b4_19,0.0
b4_18,0.0
b4_17,0.0
b4_16,0.0
b4_15,0.0
b4_14,0.0
b3_09,0.0
b3_08,0.0
b3_07,0.0
b2_04,0.0
b2_02,0.0
b2_01,0.0
b1_20,0.0
b1_19,0.0
b1_18,0.0
b1_17,0.0
b1_16,0.0
b1_15,0.0
b1_14,0.0
b1_13,0.0
b1_12,0.0
b1_11,0.0
b1_10,0.0
b1_09,0.0
b1_08,0.0
b1_07,0.0
b1_06,0.0
b1_05,0.0
b1_04,0.0
b2_03,0.0
b2_05,0.0
b3_06,0.0
b2_06,0.0
b3_05,0.0
b3_04,0.0
b3_03,0.0
b3_02,0.0
b3_01,0.0
b2_20,0.0
b2_19,0.0
b2_18,0.0
b2_17,0.0
b2_16,0.0
b2_15,0.0
b2_14,0.0
b2_13,0.0
b2_12,0.0
b2_11,0.0
b2_10,0.0
b2_09,0.0
b2_08,0.0
b2_07,0.0
b5_13,0.0
b5_14,0.0
b5_15,0.0
b9_03,0.0
b9_01,0.0
b8_20,0.0
b8_19,0.0
b8_18,0.0
b8_17,0.0
b8_16,0.0
b8_15,0.0
b8_14,0.0
b8_13,0.0
b8_12,0.0
b8_11,0.0
b8_10,0.0
b8_09,0.0
b8_08,0.0
b8_07,0.0
b8_06,0.0
b8_05,0.0
b8_04,0.0
b8_03,0.0
b9_02,0.0
b9_04,0.0
b8_01,0.0
b9_05,0.0
b10_04,0.0
b10_03,0.0
b10_02,0.0
b10_01,0.0
b9_20,0.0
b9_19,0.0
b9_18,0.0
b9_17,0.0
b9_16,0.0
b9_15,0.0
b9_14,0.0
b9_13,0.0
b9_12,0.0
b9_11,0.0
b9_10,0.0
b9_09,0.0
b9_08,0.0
b9_07,0.0
b9_06,0.0
b8_02,0.0
b7_20,0.0
b5_16,0.0
b6_17,0.0
b6_15,0.0
b6_14,0.0
b6_13,0.0
b6_12,0.0
b6_11,0.0
b6_10,0.0
b6_09,0.0
b6_08,0.0
b6_07,0.0
b6_06,0.0
b6_05,0.0
b6_04,0.0
b6_03,0.0
b6_02,0.0
b6_01,0.0
b5_20,0.0
b5_19,0.0
b5_18,0.0
b5_17,0.0
b6_16,0.0
b6_18,0.0
b7_19,0.0
b6_19,0.0
b7_18,0.0
b7_17,0.0
b7_16,0.0
b7_15,0.0
b7_14,0.0
b7_13,0.0
b7_12,0.0
b7_11,0.0
b7_10,0.0
b7_09,0.0
b7_08,0.0
b7_07,0.0
b7_06,0.0
b7_05,0.0
b7_04,0.0
b7_03,0.0
b7_02,0.0
b7_01,0.0
b6_20,0.0
b1_03,0.0
b0_20,0.0
b10_06,0.0
v131,0.0
v149,0.0
v141,0.0
v140,0.0
v139,0.0
v138,0.0
v136,0.0
v135,0.0
v134,0.0
v133,0.0
v130,0.0
b0_19,0.0
v129,0.0
v128,0.0
v127,0.0
v125,0.0
v124,0.0
v123,0.0
v122,0.0
v121,0.0
v120,0.0
v150,0.0
v151,0.0
v152,0.0
v153,0.0
v170,0.0
v169c,0.0
v169b,0.0
v169a,0.0
v168,0.0
v167,0.0
v166,0.0
v161,0.0
v160,0.0
v159,0.0
v158,0.0
v157,0.0
v156,0.0
v155,0.0
awfactw,0.0
awfacte,0.0
awfactr,0.0
awfactu,0.0
awfactt,0.0
v119,0.0
v116,0.0
v115,0.0
v029,0.0
v027,0.0
v026,0.0
v025,0.0
v024,0.0
v020,0.0
v019a,0.0
v019,0.0
v018,0.0
v017,0.0
v016,0.0
v015,0.0
v014,0.0
v013,0.0
v012,0.0
v011,0.0
v010,0.0
v009,0.0
v008a,0.0
v004,0.0
v028,0.0
v030,0.0
v113,0.0
v031,0.0
v107,0.0
v106,0.0
v105a,0.0
v105,0.0
v104,0.0
v103,0.0
v102,0.0
v101,0.0
v048,0.0
v047,0.0
v046,0.0
v045c,0.0
v045b,0.0
v045a,0.0
v044,0.0
v042,0.0
v040,0.0
v034,0.0
v032,0.0
v171a,0.0
v171b,0.0
v172,0.0
bord_17,0.0
bord_15,0.0
bord_14,0.0
bord_13,0.0
bord_12,0.0
bord_11,0.0
bord_10,0.0
bord_09,0.0
bord_08,0.0
bord_07,0.0
bord_06,0.0
bord_05,0.0
bord_04,0.0
bord_03,0.0
bord_02,0.0
bord_01,0.0
bidxp_20,0.0
bidxp_19,0.0
bidxp_18,0.0
bidxp_17,0.0
bord_16,0.0
bord_18,0.0
bidxp_15,0.0
bord_19,0.0
b0_18,0.0
b0_17,0.0
b0_16,0.0
b0_15,0.0
b0_14,0.0
b0_13,0.0
b0_12,0.0
b0_11,0.0
b0_10,0.0
b0_09,0.0
b0_08,0.0
b0_07,0.0
b0_06,0.0
b0_05,0.0
b0_04,0.0
b0_03,0.0
b0_02,0.0
b0_01,0.0
bord_20,0.0
bidxp_16,0.0
bidxp_14,0.0
v173,0.0
bidx_11,0.0
bidx_09,0.0
bidx_08,0.0
bidx_07,0.0
bidx_06,0.0
bidx_05,0.0
bidx_04,0.0
bidx_03,0.0
bidx_02,0.0
bidx_01,0.0
ml101,0.0
v191a,0.0
v190a,0.0
v191,0.0
v190,0.0
v177,0.0
v176,0.0
v175,0.0
v174y,0.0
v174m,0.0
bidx_10,0.0
bidx_12,0.0
bidxp_13,0.0
bidx_13,0.0
bidxp_12,0.0
bidxp_11,0.0
bidxp_10,0.0
bidxp_09,0.0
bidxp_08,0.0
bidxp_07,0.0
bidxp_06,0.0
bidxp_05,0.0
bidxp_04,0.0
bidxp_03,0.0
bidxp_02,0.0
bidxp_01,0.0
bidx_20,0.0
bidx_19,0.0
bidx_18,0.0
bidx_17,0.0
bidx_16,0.0
bidx_15,0.0
bidx_14,0.0
b10_05,0.0
b10_07,0.0
p4_15,0.0
pidxb_10,0.0
pidxb_19,0.0
pidxb_18,0.0
pidxb_17,0.0
pidxb_16,0.0
pidxb_15,0.0
pidxb_14,0.0
pidxb_13,0.0
pidxb_12,0.0
pidxb_11,0.0
pidxb_09,0.0
b20_12,0.0
pidxb_08,0.0
pidxb_07,0.0
pidxb_06,0.0
pidxb_05,0.0
pidxb_04,0.0
pidxb_03,0.0
pidxb_02,0.0
pidxb_01,0.0
pidx_20,0.0
pidxb_20,0.0
pord_01,0.0
pord_02,0.0
pord_03,0.0
p0_02,0.0
p0_01,0.0
pord_20,0.0
pord_19,0.0
pord_18,0.0
pord_17,0.0
pord_16,0.0
pord_15,0.0
pord_14,0.0
pord_13,0.0
pord_12,0.0
pord_11,0.0
pord_10,0.0
pord_09,0.0
pord_08,0.0
pord_07,0.0
pord_06,0.0
pord_05,0.0
pord_04,0.0
pidx_19,0.0
pidx_18,0.0
pidx_17,0.0
b21_14,0.0
b21_12,0.0
b21_11,0.0
b21_10,0.0
b21_09,0.0
b21_08,0.0
b21_07,0.0
b21_06,0.0
b21_05,0.0
b21_04,0.0
b21_03,0.0
b21_02,0.0
b21_01,0.0
b20_20,0.0
b20_19,0.0
b20_18,0.0
b20_17,0.0
b20_16,0.0
b20_15,0.0
b20_14,0.0
b21_13,0.0
b21_15,0.0
pidx_16,0.0
b21_16,0.0
pidx_15,0.0
pidx_14,0.0
pidx_13,0.0
pidx_12,0.0
pidx_11,0.0
pidx_10,0.0
pidx_09,0.0
pidx_08,0.0
pidx_07,0.0
pidx_06,0.0
pidx_05,0.0
pidx_04,0.0
pidx_03,0.0
pidx_02,0.0
pidx_01,0.0
b21_20,0.0
b21_19,0.0
b21_18,0.0
b21_17,0.0
p0_03,0.0
p0_04,0.0
p0_05,0.0
p3_13,0.0
p3_11,0.0
p3_10,0.0
p3_09,0.0
p3_08,0.0
p3_07,0.0
p3_06,0.0
p3_05,0.0
p3_04,0.0
p3_03,0.0
p3_02,0.0
p3_01,0.0
p2_20,0.0
p2_19,0.0
p2_18,0.0
p2_17,0.0
p2_16,0.0
p2_15,0.0
p2_14,0.0
p2_13,0.0
p3_12,0.0
p3_14,0.0
p2_11,0.0
p3_15,0.0
p4_14,0.0
p4_13,0.0
p4_12,0.0
p4_11,0.0
p4_10,0.0
p4_09,0.0
p4_08,0.0
p4_07,0.0
p4_06,0.0
p4_05,0.0
p4_04,0.0
p4_03,0.0
p4_02,0.0
p4_01,0.0
p3_20,0.0
p3_19,0.0
p3_18,0.0
p3_17,0.0
p3_16,0.0
p2_12,0.0
p2_10,0.0
p0_06,0.0
p1_07,0.0
p1_05,0.0
p1_04,0.0
p1_03,0.0
p1_02,0.0
p1_01,0.0
p0_20,0.0
p0_19,0.0
p0_18,0.0
p0_17,0.0
p0_16,0.0
p0_15,0.0
p0_14,0.0
p0_13,0.0
p0_12,0.0
p0_11,0.0
p0_10,0.0
p0_09,0.0
p0_08,0.0
p0_07,0.0
p1_06,0.0
p1_08,0.0
p2_09,0.0
p1_09,0.0
p2_08,0.0
p2_07,0.0
p2_06,0.0
p2_05,0.0
p2_04,0.0
p2_03,0.0
p2_02,0.0
p2_01,0.0
p1_20,0.0
p1_19,0.0
p1_18,0.0
p1_17,0.0
p1_16,0.0
p1_15,0.0
p1_14,0.0
p1_13,0.0
p1_12,0.0
p1_11,0.0
p1_10,0.0
b20_13,0.0
b20_11,0.0
b10_08,0.0
b13_05,0.0
b13_14,0.0
b13_13,0.0
b13_12,0.0
b13_11,0.0
b13_10,0.0
b13_09,0.0
b13_08,0.0
b13_07,0.0
b13_06,0.0
b13_04,0.0
b20_10,0.0
b13_03,0.0
b13_02,0.0
b13_01,0.0
b12_20,0.0
b12_19,0.0
b12_18,0.0
b12_17,0.0
b12_16,0.0
b12_15,0.0
b13_15,0.0
b13_16,0.0
b13_17,0.0
b13_18,0.0
b15_17,0.0
b15_16,0.0
b15_15,0.0
b15_14,0.0
b15_13,0.0
b15_12,0.0
b15_11,0.0
b15_10,0.0
b15_09,0.0
b15_08,0.0
b15_07,0.0
b15_06,0.0
b15_05,0.0
b15_04,0.0
b15_03,0.0
b15_02,0.0
b15_01,0.0
b13_20,0.0
b13_19,0.0
b12_14,0.0
b12_13,0.0
b12_12,0.0
b11_09,0.0
b11_07,0.0
b11_06,0.0
b11_05,0.0
b11_04,0.0
b11_03,0.0
b11_02,0.0
b11_01,0.0
b10_20,0.0
b10_19,0.0
b10_18,0.0
b10_17,0.0
b10_16,0.0
b10_15,0.0
b10_14,0.0
b10_13,0.0
b10_12,0.0
b10_11,0.0
b10_10,0.0
b10_09,0.0
b11_08,0.0
b11_10,0.0
b12_11,0.0
b11_11,0.0
b12_10,0.0
b12_09,0.0
b12_08,0.0
b12_07,0.0
b12_06,0.0
b12_05,0.0
b12_04,0.0
b12_03,0.0
b12_02,0.0
b12_01,0.0
b11_20,0.0
b11_19,0.0
b11_18,0.0
b11_17,0.0
b11_16,0.0
b11_15,0.0
b11_14,0.0
b11_13,0.0
b11_12,0.0
b15_18,0.0
b15_19,0.0
b15_20,0.0
b19_08,0.0
b19_06,0.0
b19_05,0.0
b19_04,0.0
b19_03,0.0
b19_02,0.0
b19_01,0.0
b18_20,0.0
b18_19,0.0
b18_18,0.0
b18_17,0.0
b18_16,0.0
b18_15,0.0
b18_14,0.0
b18_13,0.0
b18_12,0.0
b18_11,0.0
b18_10,0.0
b18_09,0.0
b18_08,0.0
b19_07,0.0
b19_09,0.0
b18_06,0.0
b19_10,0.0
b20_09,0.0
b20_08,0.0
b20_07,0.0
b20_06,0.0
b20_05,0.0
b20_04,0.0
b20_03,0.0
b20_02,0.0
b20_01,0.0
b19_20,0.0
b19_19,0.0
b19_18,0.0
b19_17,0.0
b19_16,0.0
b19_15,0.0
b19_14,0.0
b19_13,0.0
b19_12,0.0
b19_11,0.0
b18_07,0.0
b18_05,0.0
b16_01,0.0
b17_02,0.0
b16_20,0.0
b16_19,0.0
b16_18,0.0
b16_17,0.0
b16_16,0.0
b16_15,0.0
b16_14,0.0
b16_13,0.0
b16_12,0.0
b16_11,0.0
b16_10,0.0
b16_09,0.0
b16_08,0.0
b16_07,0.0
b16_06,0.0
b16_05,0.0
b16_04,0.0
b16_03,0.0
b16_02,0.0
b17_01,0.0
b17_03,0.0
b18_04,0.0
b17_04,0.0
b18_03,0.0
b18_02,0.0
b18_01,0.0
b17_20,0.0
b17_19,0.0
b17_18,0.0
b17_17,0.0
b17_16,0.0
b17_15,0.0
b17_14,0.0
b17_13,0.0
b17_12,0.0
b17_11,0.0
b17_10,0.0
b17_09,0.0
b17_08,0.0
b17_07,0.0
b17_06,0.0
b17_05,0.0
m2h_2,0.0
m2h_3,0.0
m2h_4,0.0
m81ne_3,0.0
m81s_6,0.0
m81s_5,0.0
m81s_4,0.0
m81s_3,0.0
m81s_2,0.0
m81s_1,0.0
m81ne_6,0.0
m81ne_5,0.0
m81ne_4,0.0
m81ne_2,0.0
m81m_5,0.0
m81ne_1,0.0
m81nd_6,0.0
m81nd_5,0.0
m81nd_4,0.0
m81nd_3,0.0
m81nd_2,0.0
m81nd_1,0.0
m81nc_6,0.0
m81nc_5,0.0
m81t_1,0.0
m81t_2,0.0
m81t_3,0.0
m81t_4,0.0
m81w_5,0.0
m81w_4,0.0
m81w_3,0.0
m81w_2,0.0
m81w_1,0.0
m81v_6,0.0
m81v_5,0.0
m81v_4,0.0
m81v_3,0.0
m81v_2,0.0
m81v_1,0.0
m81u_6,0.0
m81u_5,0.0
m81u_4,0.0
m81u_3,0.0
m81u_2,0.0
m81u_1,0.0
m81t_6,0.0
m81t_5,0.0
m81nc_4,0.0
m81nc_3,0.0
m81nc_2,0.0
m81q_3,0.0
m81q_1,0.0
m81p_6,0.0
m81p_5,0.0
m81p_4,0.0
m81p_3,0.0
m81p_2,0.0
m81p_1,0.0
m81o_6,0.0
m81o_5,0.0
m81o_4,0.0
m81o_3,0.0
m81o_2,0.0
m81o_1,0.0
m81n_6,0.0
m81n_5,0.0
m81n_4,0.0
m81n_3,0.0
m81n_2,0.0
m81n_1,0.0
m81q_2,0.0
m81q_4,0.0
m81nc_1,0.0
m81q_5,0.0
m81nb_6,0.0
m81nb_5,0.0
m81nb_4,0.0
m81nb_3,0.0
m81nb_2,0.0
m81nb_1,0.0
m81na_6,0.0
m81na_5,0.0
m81na_4,0.0
m81na_3,0.0
m81na_2,0.0
m81na_1,0.0
m81r_6,0.0
m81r_5,0.0
m81r_4,0.0
m81r_3,0.0
m81r_2,0.0
m81r_1,0.0
m81q_6,0.0
m81w_6,0.0
m81x_1,0.0
m81x_2,0.0
mnb7b_4,0.0
mnb7b_2,0.0
mnb7b_1,0.0
mnb7a_6,0.0
mnb7a_5,0.0
mnb7a_4,0.0
mnb7a_3,0.0
mnb7a_2,0.0
mnb7a_1,0.0
mnb6_6,0.0
mnb6_5,0.0
mnb6_4,0.0
mnb6_3,0.0
mnb6_2,0.0
mnb6_1,0.0
mnb5_6,0.0
mnb5_5,0.0
mnb5_4,0.0
mnb5_3,0.0
mnb5_2,0.0
mnb7b_3,0.0
mnb7b_5,0.0
mnb4_6,0.0
mnb7b_6,0.0
mnb7f_1,0.0
mnb7e_6,0.0
mnb7e_5,0.0
mnb7e_4,0.0
mnb7e_3,0.0
mnb7e_2,0.0
mnb7e_1,0.0
mnb7d_6,0.0
mnb7d_5,0.0
mnb7d_4,0.0
mnb7d_3,0.0
mnb7d_2,0.0
mnb7d_1,0.0
mnb7c_6,0.0
mnb7c_5,0.0
mnb7c_4,0.0
mnb7c_3,0.0
mnb7c_2,0.0
mnb7c_1,0.0
mnb5_1,0.0
mnb4_5,0.0
m81x_3,0.0
ml1_6,0.0
ml1_4,0.0
ml1_3,0.0
ml1_2,0.0
ml1_1,0.0
ml0_6,0.0
ml0_5,0.0
ml0_4,0.0
ml0_3,0.0
ml0_2,0.0
ml0_1,0.0
m82_6,0.0
m82_5,0.0
m82_4,0.0
m82_3,0.0
m82_2,0.0
m82_1,0.0
m81x_6,0.0
m81x_5,0.0
m81x_4,0.0
ml1_5,0.0
ml2_1,0.0
mnb4_4,0.0
ml2_2,0.0
mnb4_3,0.0
mnb4_2,0.0
mnb4_1,0.0
mnb3_6,0.0
mnb3_5,0.0
mnb3_4,0.0
mnb3_3,0.0
mnb3_2,0.0
mnb3_1,0.0
mnb1_6,0.0
mnb1_5,0.0
mnb1_4,0.0
mnb1_3,0.0
mnb1_2,0.0
mnb1_1,0.0
ml2_6,0.0
ml2_5,0.0
ml2_4,0.0
ml2_3,0.0
m81m_6,0.0
m81m_4,0.0
mnb7f_3,0.0
m78i_4,0.0
m78k_1,0.0
m78j_6,0.0
m78j_5,0.0
m78j_4,0.0
m78j_3,0.0
m78j_2,0.0
m78j_1,0.0
m78i_6,0.0
m78i_5,0.0
m78i_3,0.0
m81m_3,0.0
m78i_2,0.0
m78i_1,0.0
m78h_6,0.0
m78h_5,0.0
m78h_4,0.0
m78h_3,0.0
m78h_2,0.0
m78h_1,0.0
m78g_6,0.0
m78k_2,0.0
m78k_3,0.0
m78k_4,0.0
m78k_5,0.0
m78n_6,0.0
m78n_5,0.0
m78n_4,0.0
m78n_3,0.0
m78n_2,0.0
m78n_1,0.0
m78m_6,0.0
m78m_5,0.0
m78m_4,0.0
m78m_3,0.0
m78m_2,0.0
m78m_1,0.0
m78l_6,0.0
m78l_5,0.0
m78l_4,0.0
m78l_3,0.0
m78l_2,0.0
m78l_1,0.0
m78k_6,0.0
m78g_5,0.0
m78g_4,0.0
m78g_3,0.0
m78c_4,0.0
m78c_2,0.0
m78c_1,0.0
m78b_6,0.0
m78b_5,0.0
m78b_4,0.0
m78b_3,0.0
m78b_2,0.0
m78b_1,0.0
m78a_6,0.0
m78a_5,0.0
m78a_4,0.0
m78a_3,0.0
m78a_2,0.0
m78a_1,0.0
m77a_6,0.0
m77a_5,0.0
m77a_4,0.0
m77a_3,0.0
m77a_2,0.0
m78c_3,0.0
m78c_5,0.0
m78g_2,0.0
m78c_6,0.0
m78g_1,0.0
m78f_6,0.0
m78f_5,0.0
m78f_4,0.0
m78f_3,0.0
m78f_2,0.0
m78f_1,0.0
m78e_6,0.0
m78e_5,0.0
m78e_4,0.0
m78e_3,0.0
m78e_2,0.0
m78e_1,0.0
m78d_6,0.0
m78d_5,0.0
m78d_4,0.0
m78d_3,0.0
m78d_2,0.0
m78d_1,0.0
m78o_1,0.0
m78o_2,0.0
m78o_3,0.0
m81i_5,0.0
m81i_3,0.0
m81i_2,0.0
m81i_1,0.0
m81h_6,0.0
m81h_5,0.0
m81h_4,0.0
m81h_3,0.0
m81h_2,0.0
m81h_1,0.0
m81g_6,0.0
m81g_5,0.0
m81g_4,0.0
m81g_3,0.0
m81g_2,0.0
m81g_1,0.0
m81f_6,0.0
m81f_5,0.0
m81f_4,0.0
m81f_3,0.0
m81i_4,0.0
m81i_6,0.0
m81f_1,0.0
m81j_1,0.0
m81m_2,0.0
m81m_1,0.0
m81l_6,0.0
m81l_5,0.0
m81l_4,0.0
m81l_3,0.0
m81l_2,0.0
m81l_1,0.0
m81k_6,0.0
m81k_5,0.0
m81k_4,0.0
m81k_3,0.0
m81k_2,0.0
m81k_1,0.0
m81j_6,0.0
m81j_5,0.0
m81j_4,0.0
m81j_3,0.0
m81j_2,0.0
m81f_2,0.0
m81e_6,0.0
m78o_4,0.0
m81b_1,0.0
m81a_5,0.0
m81a_4,0.0
m81a_3,0.0
m81a_2,0.0
m81a_1,0.0
m80_6,0.0
m80_5,0.0
m80_4,0.0
m80_3,0.0
m80_2,0.0
m80_1,0.0
m78p_6,0.0
m78p_5,0.0
m78p_4,0.0
m78p_3,0.0
m78p_2,0.0
m78p_1,0.0
m78o_6,0.0
m78o_5,0.0
m81a_6,0.0
m81b_2,0.0
m81e_5,0.0
m81b_3,0.0
m81e_4,0.0
m81e_3,0.0
m81e_2,0.0
m81e_1,0.0
m81d_6,0.0
m81d_5,0.0
m81d_4,0.0
m81d_3,0.0
m81d_2,0.0
m81d_1,0.0
m81c_6,0.0
m81c_5,0.0
m81c_4,0.0
m81c_3,0.0
m81c_2,0.0
m81c_1,0.0
m81b_6,0.0
m81b_5,0.0
m81b_4,0.0
mnb7f_2,0.0
mnb7f_4,0.0
m77_6,0.0
mh20_1,0.0
mh21a_4,0.0
mh21a_3,0.0
mh21a_2,0.0
mh21a_1,0.0
mh20_6,0.0
mh20_5,0.0
mh20_4,0.0
mh20_3,0.0
mh20_2,0.0
mh19_6,0.0
mh17a_3,0.0
mh19_5,0.0
mh19_4,0.0
mh19_3,0.0
mh19_2,0.0
mh19_1,0.0
mh18d_6,0.0
mh18d_5,0.0
mh18d_4,0.0
mh18d_3,0.0
mh21a_5,0.0
mh21a_6,0.0
mh21b_1,0.0
mh21b_2,0.0
mh21e_3,0.0
mh21e_2,0.0
mh21e_1,0.0
mh21d_6,0.0
mh21d_5,0.0
mh21d_4,0.0
mh21d_3,0.0
mh21d_2,0.0
mh21d_1,0.0
mh21c_6,0.0
mh21c_5,0.0
mh21c_4,0.0
mh21c_3,0.0
mh21c_2,0.0
mh21c_1,0.0
mh21b_6,0.0
mh21b_5,0.0
mh21b_4,0.0
mh21b_3,0.0
mh18d_2,0.0
mh18d_1,0.0
mh18c_6,0.0
mh17e_1,0.0
mh17d_5,0.0
mh17d_4,0.0
mh17d_3,0.0
mh17d_2,0.0
mh17d_1,0.0
mh17c_6,0.0
mh17c_5,0.0
mh17c_4,0.0
mh17c_3,0.0
mh17c_2,0.0
mh17c_1,0.0
mh17b_6,0.0
mh17b_5,0.0
mh17b_4,0.0
mh17b_3,0.0
mh17b_2,0.0
mh17b_1,0.0
mh17a_6,0.0
mh17a_5,0.0
mh17d_6,0.0
mh17e_2,0.0
mh18c_5,0.0
mh17e_3,0.0
mh18c_4,0.0
mh18c_3,0.0
mh18c_2,0.0
mh18c_1,0.0
mh18b_6,0.0
mh18b_5,0.0
mh18b_4,0.0
mh18b_3,0.0
mh18b_2,0.0
mh18b_1,0.0
mh18a_6,0.0
mh18a_5,0.0
mh18a_4,0.0
mh18a_3,0.0
mh18a_2,0.0
mh18a_1,0.0
mh17e_6,0.0
mh17e_5,0.0
mh17e_4,0.0
mh21e_4,0.0
mh21e_5,0.0
mh21e_6,0.0
v411s,0.0
v410as,0.0
v410a,0.0
v410,0.0
v409a,0.0
v409,0.0
v400,0.0
mh25_6,0.0
mh25_5,0.0
mh25_4,0.0
mh25_3,0.0
mh25_2,0.0
mh25_1,0.0
mh24_6,0.0
mh24_5,0.0
mh24_4,0.0
mh24_3,0.0
mh24_2,0.0
mh24_1,0.0
mh23_6,0.0
v411,0.0
v411a,0.0
mh23_4,0.0
v412,0.0
v414c,0.0
v414b,0.0
v414a,0.0
v413i,0.0
v413h,0.0
v413g,0.0
v413f,0.0
v413e,0.0
v413d,0.0
v413c,0.0
v413bs,0.0
v413b,0.0
v413as,0.0
v413a,0.0
v413s,0.0
v413,0.0
v412c,0.0
v412b,0.0
v412a,0.0
mh23_5,0.0
mh23_3,0.0
mh21f_1,0.0
mh22c_4,0.0
mh22c_2,0.0
mh22c_1,0.0
mh22b_6,0.0
mh22b_5,0.0
mh22b_4,0.0
mh22b_3,0.0
mh22b_2,0.0
mh22b_1,0.0
mh22a_6,0.0
mh22a_5,0.0
mh22a_4,0.0
mh22a_3,0.0
mh22a_2,0.0
mh22a_1,0.0
mh21f_6,0.0
mh21f_5,0.0
mh21f_4,0.0
mh21f_3,0.0
mh21f_2,0.0
mh22c_3,0.0
mh22c_5,0.0
mh23_2,0.0
mh22c_6,0.0
mh23_1,0.0
mh22f_6,0.0
mh22f_5,0.0
mh22f_4,0.0
mh22f_3,0.0
mh22f_2,0.0
mh22f_1,0.0
mh22e_6,0.0
mh22e_5,0.0
mh22e_4,0.0
mh22e_3,0.0
mh22e_2,0.0
mh22e_1,0.0
mh22d_6,0.0
mh22d_5,0.0
mh22d_4,0.0
mh22d_3,0.0
mh22d_2,0.0
mh22d_1,0.0
mh17a_4,0.0
mh17a_2,0.0
mnb7f_5,0.0
mh3a_2,0.0
mh3b_5,0.0
mh3b_4,0.0
mh3b_3,0.0
mh3b_2,0.0
mh3b_1,0.0
mh3a_6,0.0
mh3a_5,0.0
mh3a_4,0.0
mh3a_3,0.0
mh3a_1,0.0
mh17a_1,0.0
mnb12_6,0.0
mnb12_5,0.0
mnb12_4,0.0
mnb12_3,0.0
mnb12_2,0.0
mnb12_1,0.0
mnb11_6,0.0
mnb11_5,0.0
mnb11_4,0.0
mh3b_6,0.0
mh3c_1,0.0
mh3c_2,0.0
mh3c_3,0.0
mh3f_4,0.0
mh3f_3,0.0
mh3f_2,0.0
mh3f_1,0.0
mh3e_6,0.0
mh3e_5,0.0
mh3e_4,0.0
mh3e_3,0.0
mh3e_2,0.0
mh3e_1,0.0
mh3d_6,0.0
mh3d_5,0.0
mh3d_4,0.0
mh3d_3,0.0
mh3d_2,0.0
mh3d_1,0.0
mh3c_6,0.0
mh3c_5,0.0
mh3c_4,0.0
mnb11_3,0.0
mnb11_2,0.0
mnb11_1,0.0
mnb7j_2,0.0
mnb7i_6,0.0
mnb7i_5,0.0
mnb7i_4,0.0
mnb7i_3,0.0
mnb7i_2,0.0
mnb7i_1,0.0
mnb7h_6,0.0
mnb7h_5,0.0
mnb7h_4,0.0
mnb7h_3,0.0
mnb7h_2,0.0
mnb7h_1,0.0
mnb7g_6,0.0
mnb7g_5,0.0
mnb7g_4,0.0
mnb7g_3,0.0
mnb7g_2,0.0
mnb7g_1,0.0
mnb7f_6,0.0
mnb7j_1,0.0
mnb7j_3,0.0
mnb10_6,0.0
mnb7j_4,0.0
mnb10_5,0.0
mnb10_4,0.0
mnb10_3,0.0
mnb10_2,0.0
mnb10_1,0.0
mnb7z_6,0.0
mnb7z_5,0.0
mnb7z_4,0.0
mnb7z_3,0.0
mnb7z_2,0.0
mnb7z_1,0.0
mnb7x_6,0.0
mnb7x_5,0.0
mnb7x_4,0.0
mnb7x_3,0.0
mnb7x_2,0.0
mnb7x_1,0.0
mnb7j_6,0.0
mnb7j_5,0.0
mh3f_5,0.0
mh3f_6,0.0
mh3g_1,0.0
mh13_3,0.0
mh13_1,0.0
mh12_6,0.0
mh12_5,0.0
mh12_4,0.0
mh12_3,0.0
mh12_2,0.0
mh12_1,0.0
mh11_6,0.0
mh11_5,0.0
mh11_4,0.0
mh11_3,0.0
mh11_2,0.0
mh11_1,0.0
mh10_6,0.0
mh10_5,0.0
mh10_4,0.0
mh10_3,0.0
mh10_2,0.0
mh10_1,0.0
mh13_2,0.0
mh13_4,0.0
mh9_5,0.0
mh13_5,0.0
mh16_6,0.0
mh16_5,0.0
mh16_4,0.0
mh16_3,0.0
mh16_2,0.0
mh16_1,0.0
mh15_6,0.0
mh15_5,0.0
mh15_4,0.0
mh15_3,0.0
mh15_2,0.0
mh15_1,0.0
mh14_6,0.0
mh14_5,0.0
mh14_4,0.0
mh14_3,0.0
mh14_2,0.0
mh14_1,0.0
mh13_6,0.0
mh9_6,0.0
mh9_4,0.0
mh3g_2,0.0
mh5_5,0.0
mh5_3,0.0
mh5_2,0.0
mh5_1,0.0
mh3i_6,0.0
mh3i_5,0.0
mh3i_4,0.0
mh3i_3,0.0
mh3i_2,0.0
mh3i_1,0.0
mh3h_6,0.0
mh3h_5,0.0
mh3h_4,0.0
mh3h_3,0.0
mh3h_2,0.0
mh3h_1,0.0
mh3g_6,0.0
mh3g_5,0.0
mh3g_4,0.0
mh3g_3,0.0
mh5_4,0.0
mh5_6,0.0
mh9_3,0.0
mh6_1,0.0
mh9_2,0.0
mh9_1,0.0
mh8_6,0.0
mh8_5,0.0
mh8_4,0.0
mh8_3,0.0
mh8_2,0.0
mh8_1,0.0
mh7_6,0.0
mh7_5,0.0
mh7_4,0.0
mh7_3,0.0
mh7_2,0.0
mh7_1,0.0
mh6_6,0.0
mh6_5,0.0
mh6_4,0.0
mh6_3,0.0
mh6_2,0.0
m77a_1,0.0
m77_5,0.0
m2h_5,0.0
m34_1,0.0
m35_4,0.0
m35_3,0.0
m35_2,0.0
m35_1,0.0
m34_6,0.0
m34_5,0.0
m34_4,0.0
m34_3,0.0
m34_2,0.0
m29_6,0.0
m14_3,0.0
m29_5,0.0
m29_4,0.0
m29_3,0.0
m29_2,0.0
m29_1,0.0
m28_6,0.0
m28_5,0.0
m28_4,0.0
m28_3,0.0
m35_5,0.0
m35_6,0.0
m36_1,0.0
m36_2,0.0
m39_3,0.0
m39_2,0.0
m39_1,0.0
m39a_6,0.0
m39a_5,0.0
m39a_4,0.0
m39a_3,0.0
m39a_2,0.0
m39a_1,0.0
m38_6,0.0
m38_5,0.0
m38_4,0.0
m38_3,0.0
m38_2,0.0
m38_1,0.0
m36_6,0.0
m36_5,0.0
m36_4,0.0
m36_3,0.0
m28_2,0.0
m28_1,0.0
m27_6,0.0
m18_1,0.0
m17a_5,0.0
m17a_4,0.0
m17a_3,0.0
m17a_2,0.0
m17a_1,0.0
m17_6,0.0
m17_5,0.0
m17_4,0.0
m17_3,0.0
m17_2,0.0
m17_1,0.0
m15_6,0.0
m15_5,0.0
m15_4,0.0
m15_3,0.0
m15_2,0.0
m15_1,0.0
m14_6,0.0
m14_5,0.0
m17a_6,0.0
m18_2,0.0
m27_5,0.0
m18_3,0.0
m27_4,0.0
m27_3,0.0
m27_2,0.0
m27_1,0.0
m19a_6,0.0
m19a_5,0.0
m19a_4,0.0
m19a_3,0.0
m19a_2,0.0
m19a_1,0.0
m19_6,0.0
m19_5,0.0
m19_4,0.0
m19_3,0.0
m19_2,0.0
m19_1,0.0
m18_6,0.0
m18_5,0.0
m18_4,0.0
m39_4,0.0
m39_5,0.0
m39_6,0.0
m42l_2,0.0
m42k_6,0.0
m42k_5,0.0
m42k_4,0.0
m42k_3,0.0
m42k_2,0.0
m42k_1,0.0
m42j_6,0.0
m42j_5,0.0
m42j_4,0.0
m42j_3,0.0
m42j_2,0.0
m42j_1,0.0
m42i_6,0.0
m42i_5,0.0
m42i_4,0.0
m42i_3,0.0
m42i_2,0.0
m42i_1,0.0
m42h_6,0.0
m42l_1,0.0
m42l_3,0.0
m42h_4,0.0
m42l_4,0.0
m43_5,0.0
m43_4,0.0
m43_3,0.0
m43_2,0.0
m43_1,0.0
m42n_6,0.0
m42n_5,0.0
m42n_4,0.0
m42n_3,0.0
m42n_2,0.0
m42n_1,0.0
m42m_6,0.0
m42m_5,0.0
m42m_4,0.0
m42m_3,0.0
m42m_2,0.0
m42m_1,0.0
m42l_6,0.0
m42l_5,0.0
m42h_5,0.0
m42h_3,0.0
m42a_1,0.0
m42d_4,0.0
m42d_2,0.0
m42d_1,0.0
m42c_6,0.0
m42c_5,0.0
m42c_4,0.0
m42c_3,0.0
m42c_2,0.0
m42c_1,0.0
m42b_6,0.0
m42b_5,0.0
m42b_4,0.0
m42b_3,0.0
m42b_2,0.0
m42b_1,0.0
m42a_6,0.0
m42a_5,0.0
m42a_4,0.0
m42a_3,0.0
m42a_2,0.0
m42d_3,0.0
m42d_5,0.0
m42h_2,0.0
m42d_6,0.0
m42h_1,0.0
m42g_6,0.0
m42g_5,0.0
m42g_4,0.0
m42g_3,0.0
m42g_2,0.0
m42g_1,0.0
m42f_6,0.0
m42f_5,0.0
m42f_4,0.0
m42f_3,0.0
m42f_2,0.0
m42f_1,0.0
m42e_6,0.0
m42e_5,0.0
m42e_4,0.0
m42e_3,0.0
m42e_2,0.0
m42e_1,0.0
m14_4,0.0
m14_2,0.0
m44_1,0.0
m3d_2,0.0
m3e_5,0.0
m3e_4,0.0
m3e_3,0.0
m3e_2,0.0
m3e_1,0.0
m3d_6,0.0
m3d_5,0.0
m3d_4,0.0
m3d_3,0.0
m3d_1,0.0
m14_1,0.0
m3c_6,0.0
m3c_5,0.0
m3c_4,0.0
m3c_3,0.0
m3c_2,0.0
m3c_1,0.0
m3b_6,0.0
m3b_5,0.0
m3b_4,0.0
m3e_6,0.0
m3f_1,0.0
m3f_2,0.0
m3f_3,0.0
m3i_4,0.0
m3i_3,0.0
m3i_2,0.0
m3i_1,0.0
m3h_6,0.0
m3h_5,0.0
m3h_4,0.0
m3h_3,0.0
m3h_2,0.0
m3h_1,0.0
m3g_6,0.0
m3g_5,0.0
m3g_4,0.0
m3g_3,0.0
m3g_2,0.0
m3g_1,0.0
m3f_6,0.0
m3f_5,0.0
m3f_4,0.0
m3b_3,0.0
m3b_2,0.0
m3b_1,0.0
m2l_2,0.0
m2k_6,0.0
m2k_5,0.0
m2k_4,0.0
m2k_3,0.0
m2k_2,0.0
m2k_1,0.0
m2j_6,0.0
m2j_5,0.0
m2j_4,0.0
m2j_3,0.0
m2j_2,0.0
m2j_1,0.0
m2i_6,0.0
m2i_5,0.0
m2i_4,0.0
m2i_3,0.0
m2i_2,0.0
m2i_1,0.0
m2h_6,0.0
m2l_1,0.0
m2l_3,0.0
m3a_6,0.0
m2l_4,0.0
m3a_5,0.0
m3a_4,0.0
m3a_3,0.0
m3a_2,0.0
m3a_1,0.0
m2n_6,0.0
m2n_5,0.0
m2n_4,0.0
m2n_3,0.0
m2n_2,0.0
m2n_1,0.0
m2m_6,0.0
m2m_5,0.0
m2m_4,0.0
m2m_3,0.0
m2m_2,0.0
m2m_1,0.0
m2l_6,0.0
m2l_5,0.0
m3i_5,0.0
m3i_6,0.0
m3j_1,0.0
m10_3,0.0
m10_1,0.0
m9_6,0.0
m9_5,0.0
m9_4,0.0
m9_3,0.0
m9_2,0.0
m9_1,0.0
m8_6,0.0
m8_5,0.0
m8_4,0.0
m8_3,0.0
m8_2,0.0
m8_1,0.0
m7_6,0.0
m7_5,0.0
m7_4,0.0
m7_3,0.0
m7_2,0.0
m7_1,0.0
m10_2,0.0
m10_4,0.0
m6_5,0.0
m10_5,0.0
m13a_6,0.0
m13a_5,0.0
m13a_4,0.0
m13a_3,0.0
m13a_2,0.0
m13a_1,0.0
m13_6,0.0
m13_5,0.0
m13_4,0.0
m13_3,0.0
m13_2,0.0
m13_1,0.0
m11_6,0.0
m11_5,0.0
m11_4,0.0
m11_3,0.0
m11_2,0.0
m11_1,0.0
m10_6,0.0
m6_6,0.0
m6_4,0.0
m3j_2,0.0
m3m_5,0.0
m3m_3,0.0
m3m_2,0.0
m3m_1,0.0
m3l_6,0.0
m3l_5,0.0
m3l_4,0.0
m3l_3,0.0
m3l_2,0.0
m3l_1,0.0
m3k_6,0.0
m3k_5,0.0
m3k_4,0.0
m3k_3,0.0
m3k_2,0.0
m3k_1,0.0
m3j_6,0.0
m3j_5,0.0
m3j_4,0.0
m3j_3,0.0
m3m_4,0.0
m3m_6,0.0
m6_3,0.0
m3n_1,0.0
m6_2,0.0
m6_1,0.0
m5_6,0.0
m5_5,0.0
m5_4,0.0
m5_3,0.0
m5_2,0.0
m5_1,0.0
m4_6,0.0
m4_5,0.0
m4_4,0.0
m4_3,0.0
m4_2,0.0
m4_1,0.0
m3n_6,0.0
m3n_5,0.0
m3n_4,0.0
m3n_3,0.0
m3n_2,0.0
m43_6,0.0
m44_2,0.0
m77_4,0.0
m57s_5,0.0
m57u_2,0.0
m57u_1,0.0
m57t_6,0.0
m57t_5,0.0
m57t_4,0.0
m57t_3,0.0
m57t_2,0.0
m57t_1,0.0
m57s_6,0.0
m57s_4,0.0
m57o_1,0.0
m57s_3,0.0
m57s_2,0.0
m57s_1,0.0
m57ne_6,0.0
m57ne_5,0.0
m57ne_4,0.0
m57ne_3,0.0
m57ne_2,0.0
m57ne_1,0.0
m57u_3,0.0
m57u_4,0.0
m57u_5,0.0
m57u_6,0.0
m61_1,0.0
m60_6,0.0
m60_5,0.0
m60_4,0.0
m60_3,0.0
m60_2,0.0
m60_1,0.0
m57x_6,0.0
m57x_5,0.0
m57x_4,0.0
m57x_3,0.0
m57x_2,0.0
m57x_1,0.0
m57v_6,0.0
m57v_5,0.0
m57v_4,0.0
m57v_3,0.0
m57v_2,0.0
m57v_1,0.0
m57nd_6,0.0
m57nd_5,0.0
m57nd_4,0.0
m57r_5,0.0
m57r_3,0.0
m57r_2,0.0
m57r_1,0.0
m57q_6,0.0
m57q_5,0.0
m57q_4,0.0
m57q_3,0.0
m57q_2,0.0
m57q_1,0.0
m57p_6,0.0
m57p_5,0.0
m57p_4,0.0
m57p_3,0.0
m57p_2,0.0
m57p_1,0.0
m57o_6,0.0
m57o_5,0.0
m57o_4,0.0
m57o_3,0.0
m57r_4,0.0
m57r_6,0.0
m57nd_3,0.0
m57na_1,0.0
m57nd_2,0.0
m57nd_1,0.0
m57nc_6,0.0
m57nc_5,0.0
m57nc_4,0.0
m57nc_3,0.0
m57nc_2,0.0
m57nc_1,0.0
m57nb_6,0.0
m57nb_5,0.0
m57nb_4,0.0
m57nb_3,0.0
m57nb_2,0.0
m57nb_1,0.0
m57na_6,0.0
m57na_5,0.0
m57na_4,0.0
m57na_3,0.0
m57na_2,0.0
m61_2,0.0
m61_3,0.0
m61_4,0.0
m73_6,0.0
m73_4,0.0
m73_3,0.0
m73_2,0.0
m73_1,0.0
m72_6,0.0
m72_5,0.0
m72_4,0.0
m72_3,0.0
m72_2,0.0
m72_1,0.0
m71_6,0.0
m71_5,0.0
m71_4,0.0
m71_3,0.0
m71_2,0.0
m71_1,0.0
m70_6,0.0
m70_5,0.0
m70_4,0.0
m73_5,0.0
m74_1,0.0
m70_2,0.0
m74_2,0.0
m77_3,0.0
m77_2,0.0
m77_1,0.0
m76_6,0.0
m76_5,0.0
m76_4,0.0
m76_3,0.0
m76_2,0.0
m76_1,0.0
m75_6,0.0
m75_5,0.0
m75_4,0.0
m75_3,0.0
m75_2,0.0
m75_1,0.0
m74_6,0.0
m74_5,0.0
m74_4,0.0
m74_3,0.0
m70_3,0.0
m70_1,0.0
m61_5,0.0
m66_2,0.0
m64_6,0.0
m64_5,0.0
m64_4,0.0
m64_3,0.0
m64_2,0.0
m64_1,0.0
m63_6,0.0
m63_5,0.0
m63_4,0.0
m63_3,0.0
m63_2,0.0
m63_1,0.0
m62_6,0.0
m62_5,0.0
m62_4,0.0
m62_3,0.0
m62_2,0.0
m62_1,0.0
m61_6,0.0
m66_1,0.0
m66_3,0.0
m69_6,0.0
m66_4,0.0
m69_5,0.0
m69_4,0.0
m69_3,0.0
m69_2,0.0
m69_1,0.0
m68_6,0.0
m68_5,0.0
m68_4,0.0
m68_3,0.0
m68_2,0.0
m68_1,0.0
m67_6,0.0
m67_5,0.0
m67_4,0.0
m67_3,0.0
m67_2,0.0
m67_1,0.0
m66_6,0.0
m66_5,0.0
m57o_2,0.0
m57n_6,0.0
m44_3,0.0
m49e_6,0.0
m49g_3,0.0
m49g_2,0.0
m49g_1,0.0
m49f_6,0.0
m49f_5,0.0
m49f_4,0.0
m49f_3,0.0
m49f_2,0.0
m49f_1,0.0
m49e_5,0.0
m57n_5,0.0
m49e_4,0.0
m49e_3,0.0
m49e_2,0.0
m49e_1,0.0
m49d_6,0.0
m49d_5,0.0
m49d_4,0.0
m49d_3,0.0
m49d_2,0.0
m49g_4,0.0
m49g_5,0.0
m49g_6,0.0
m49x_1,0.0
m54_2,0.0
m54_1,0.0
m49y_6,0.0
m49y_5,0.0
m49y_4,0.0
m49y_3,0.0
m49y_2,0.0
m49y_1,0.0
m49z_6,0.0
m49z_5,0.0
m49z_4,0.0
m49z_3,0.0
m49z_2,0.0
m49z_1,0.0
m49x_6,0.0
m49x_5,0.0
m49x_4,0.0
m49x_3,0.0
m49x_2,0.0
m49d_1,0.0
m49c_6,0.0
m49c_5,0.0
m47_6,0.0
m47_4,0.0
m47_3,0.0
m47_2,0.0
m47_1,0.0
m46_6,0.0
m46_5,0.0
m46_4,0.0
m46_3,0.0
m46_2,0.0
m46_1,0.0
m45_6,0.0
m45_5,0.0
m45_4,0.0
m45_3,0.0
m45_2,0.0
m45_1,0.0
m44_6,0.0
m44_5,0.0
m44_4,0.0
m47_5,0.0
m48_1,0.0
m49c_4,0.0
m48_2,0.0
m49c_3,0.0
m49c_2,0.0
m49c_1,0.0
m49b_6,0.0
m49b_5,0.0
m49b_4,0.0
m49b_3,0.0
m49b_2,0.0
m49b_1,0.0
m49a_6,0.0
m49a_5,0.0
m49a_4,0.0
m49a_3,0.0
m49a_2,0.0
m49a_1,0.0
m48_6,0.0
m48_5,0.0
m48_4,0.0
m48_3,0.0
m54_3,0.0
m54_4,0.0
m54_5,0.0
m57k_1,0.0
m57j_5,0.0
m57j_4,0.0
m57j_3,0.0
m57j_2,0.0
m57j_1,0.0
m57i_6,0.0
m57i_5,0.0
m57i_4,0.0
m57i_3,0.0
m57i_2,0.0
m57i_1,0.0
m57h_6,0.0
m57h_5,0.0
m57h_4,0.0
m57h_3,0.0
m57h_2,0.0
m57h_1,0.0
m57g_6,0.0
m57g_5,0.0
m57j_6,0.0
m57k_2,0.0
m57g_3,0.0
m57k_3,0.0
m57n_4,0.0
m57n_3,0.0
m57n_2,0.0
m57n_1,0.0
m57m_6,0.0
m57m_5,0.0
m57m_4,0.0
m57m_3,0.0
m57m_2,0.0
m57m_1,0.0
m57l_6,0.0
m57l_5,0.0
m57l_4,0.0
m57l_3,0.0
m57l_2,0.0
m57l_1,0.0
m57k_6,0.0
m57k_5,0.0
m57k_4,0.0
m57g_4,0.0
m57g_2,0.0
m54_6,0.0
m57c_3,0.0
m57c_1,0.0
m57b_6,0.0
m57b_5,0.0
m57b_4,0.0
m57b_3,0.0
m57b_2,0.0
m57b_1,0.0
m57a_6,0.0
m57a_5,0.0
m57a_4,0.0
m57a_3,0.0
m57a_2,0.0
m57a_1,0.0
m55_6,0.0
m55_5,0.0
m55_4,0.0
m55_3,0.0
m55_2,0.0
m55_1,0.0
m57c_2,0.0
m57c_4,0.0
m57g_1,0.0
m57c_5,0.0
m57f_6,0.0
m57f_5,0.0
m57f_4,0.0
m57f_3,0.0
m57f_2,0.0
m57f_1,0.0
m57e_6,0.0
m57e_5,0.0
m57e_4,0.0
m57e_3,0.0
m57e_2,0.0
m57e_1,0.0
m57d_6,0.0
m57d_5,0.0
m57d_4,0.0
m57d_3,0.0
m57d_2,0.0
m57d_1,0.0
m57c_6,0.0
s615c_6,0.0
