woman_id,distance_km,ipv_response
1,42.962762727853395,0
2,42.962762727853395,0
3,42.962762727853395,0
4,42.962762727853395,1
5,42.962762727853395,1
6,42.962762727853395,0
7,0.947995507393471,1
8,0.947995507393471,0
9,0.947995507393471,0
10,0.947995507393471,0
11,0.947995507393471,0
12,2.1495338861390376,1
13,1.162632545122324,0
14,93.95777345487899,0
15,93.95777345487899,0
16,52.537811596360946,0
17,52.537811596360946,0
18,52.537811596360946,0
19,52.537811596360946,0
20,54.4989639184153,0
21,54.4989639184153,0
22,54.4989639184153,0
23,23.296747772643112,0
24,23.296747772643112,0
25,23.296747772643112,0
26,23.296747772643112,0
27,23.296747772643112,0
28,27.67264904040023,0
29,31.454919636090928,1
30,31.454919636090928,0
31,31.454919636090928,1
32,31.454919636090928,0
33,31.454919636090928,0
34,5.253671660587237,0
35,5.253671660587237,0
36,25.559286497331758,0
37,25.559286497331758,1
38,25.559286497331758,0
39,25.559286497331758,0
40,25.559286497331758,0
41,117.95569704514641,0
42,117.95569704514641,0
43,117.95569704514641,0
44,98.19229178523032,0
45,34.420008856767616,0
46,34.420008856767616,0
47,34.420008856767616,0
48,2.045780697961672,0
49,2.045780697961672,0
50,1.309031502707331,0
51,2.5422270618677847,0
52,0.260089178757357,0
53,0.260089178757357,0
54,0.260089178757357,0
55,61.27531545423346,1
56,61.27531545423346,0
57,61.27531545423346,0
58,67.25281860207457,0
59,67.25281860207457,0
60,67.25281860207457,0
61,20.901725612850058,0
62,20.901725612850058,0
63,20.901725612850058,0
64,20.901725612850058,0
65,19.392427993443803,0
66,19.392427993443803,1
67,28.352050755690446,0
68,17.06326050652264,1
69,17.06326050652264,1
70,17.06326050652264,0
71,38.73183806715245,0
72,38.73183806715245,0
73,38.73183806715245,0
74,137.3934026899716,1
75,3.6515106414840424,1
76,19.075987394691545,0
77,40.52307371389421,1
78,4.033765366835584,1
79,30.208112665726745,0
80,1.7030725936762554,0
81,83.47712796094417,0
82,83.47712796094417,0
83,83.47712796094417,1
84,83.47712796094417,0
85,17.90492016779832,0
86,8.778292007180227,0
87,8.778292007180227,1
88,31.691183751419917,1
89,19.60944340880366,0
90,19.60944340880366,0
91,19.60944340880366,1
92,19.60944340880366,0
93,19.60944340880366,1
94,110.9642578671639,1
95,110.9642578671639,0
96,12.601888453743355,0
97,12.601888453743355,0
98,14.228114046414829,0
99,4.7919298679432085,0
100,4.7919298679432085,1
101,4.7919298679432085,1
102,4.7919298679432085,0
103,4.7919298679432085,1
104,4.7919298679432085,0
105,34.79379551250186,0
106,5.714470338580612,1
107,5.714470338580612,0
108,5.714470338580612,1
109,5.714470338580612,1
110,47.812958158462195,0
111,47.812958158462195,1
112,47.812958158462195,1
113,2.1112808665511626,0
114,2.1112808665511626,0
115,2.1112808665511626,0
116,80.65526183156284,0
117,101.60684786107358,0
118,101.60684786107358,1
119,2.5207899425355658,0
120,7.454393695445649,0
121,41.32838559659339,0
122,41.32838559659339,0
123,23.166643300242427,0
124,23.166643300242427,1
125,0.22296444995945322,0
126,0.22296444995945322,0
127,0.22296444995945322,0
128,0.22296444995945322,1
129,0.22296444995945322,0
130,30.076750452244134,0
131,30.076750452244134,0
132,17.90905875276293,0
133,56.08837547075039,0
134,79.04872143244826,0
135,9.915852897361614,0
136,9.915852897361614,0
137,9.915852897361614,0
138,37.021895164383366,0
139,37.021895164383366,0
140,37.021895164383366,0
141,37.021895164383366,0
142,39.043176674059936,0
143,39.043176674059936,0
144,39.043176674059936,0
145,39.043176674059936,1
146,39.043176674059936,0
147,39.043176674059936,0
148,60.54374217671084,0
149,32.69921885649955,1
150,32.69921885649955,1
151,32.69921885649955,1
152,16.749395677016057,0
153,16.749395677016057,0
154,1.6987302338929589,1
155,1.6987302338929589,1
156,1.6987302338929589,0
157,1.6987302338929589,0
158,54.65397165828025,1
159,1.6053136516226272,0
160,19.00537504816953,0
161,19.00537504816953,0
162,3.2298598956350157,0
163,3.2298598956350157,0
164,3.2298598956350157,0
165,3.2298598956350157,1
166,30.83571251539677,0
167,30.83571251539677,0
168,4.346514010060433,0
169,4.346514010060433,0
170,4.346514010060433,0
171,4.346514010060433,0
172,4.346514010060433,0
173,15.394459314921958,0
174,39.338971985263846,0
175,39.338971985263846,0
176,39.338971985263846,0
177,50.82619606007555,0
178,30.15619506014614,0
179,30.15619506014614,0
180,13.940999640679129,1
181,12.126002165446328,0
182,12.126002165446328,1
183,48.19844065382281,0
184,48.19844065382281,1
185,48.19844065382281,0
186,48.19844065382281,0
187,48.19844065382281,0
188,3.8278856510846233,0
189,3.8278856510846233,1
190,3.8278856510846233,1
191,3.8278856510846233,0
192,2.078667353824944,0
193,32.58515270646539,0
194,32.58515270646539,1
195,32.58515270646539,0
196,32.58515270646539,0
197,3.4663588744472404,1
198,36.895468036459185,0
199,36.895468036459185,0
200,28.16898805956135,0
201,28.16898805956135,0
202,37.37576716271252,0
203,37.37576716271252,1
204,21.72295076590218,0
205,18.827765766598652,0
206,4.064373444834622,0
207,4.064373444834622,0
208,37.38825047241588,0
209,37.38825047241588,0
210,37.38825047241588,0
211,1.2399043955224094,0
212,13.424906376205959,0
213,68.24271995401263,0
214,68.24271995401263,0
215,68.24271995401263,1
216,68.24271995401263,1
217,59.06365812812898,1
218,2.1617784632081567,0
219,2.1617784632081567,0
220,4.067778834972583,0
221,21.77638715751485,0
222,21.77638715751485,0
223,21.77638715751485,0
224,28.98710924201596,0
225,28.98710924201596,0
226,1.1369172197806994,0
227,1.1369172197806994,1
228,1.1369172197806994,0
229,1.1369172197806994,0
230,1.1369172197806994,0
231,1.1369172197806994,0
232,0.1837082927677286,1
233,0.1837082927677286,0
234,0.1837082927677286,0
235,0.1837082927677286,1
236,0.3504779483948694,1
237,0.3504779483948694,0
238,4.177917367799273,0
239,4.177917367799273,0
240,4.177917367799273,0
241,4.177917367799273,0
242,4.177917367799273,0
243,4.177917367799273,0
244,4.177917367799273,0
245,2.6787597180788656,0
246,2.6787597180788656,0
247,139.1477420314804,0
248,0.9289042991611347,0
249,0.9801124858676489,0
250,2.3652717953909304,0
251,2.3652717953909304,0
252,6.763523111848787,0
253,6.763523111848787,1
254,6.763523111848787,0
255,6.763523111848787,0
256,6.763523111848787,1
257,6.763523111848787,0
258,3.3688703807009235,1
259,3.3688703807009235,0
260,3.3688703807009235,0
261,3.3688703807009235,0
262,3.3688703807009235,1
263,28.69195306034745,0
264,43.96961885344897,1
265,43.96961885344897,0
266,1.8500114204235547,1
267,1.8500114204235547,0
268,44.13167807381051,0
269,74.13587780824825,0
270,74.13587780824825,0
271,74.13587780824825,0
272,74.13587780824825,0
273,1.0972461700210892,0
274,1.0972461700210892,0
275,48.7458917999872,0
276,48.7458917999872,0
277,44.44350437945551,1
278,44.44350437945551,0
279,2.494269337977438,1
280,2.494269337977438,0
281,2.494269337977438,0
282,2.494269337977438,0
283,14.586719390826321,0
284,16.812759922336486,0
285,16.812759922336486,0
286,16.812759922336486,0
287,16.812759922336486,0
288,16.812759922336486,1
289,16.812759922336486,1
290,16.013259696890902,0
291,16.013259696890902,0
292,16.013259696890902,0
293,33.893366293852566,1
294,33.893366293852566,1
295,70.16499333892418,0
296,70.16499333892418,0
297,70.16499333892418,0
298,4.0225910091831425,0
299,4.0225910091831425,0
300,4.0225910091831425,1
301,4.0225910091831425,0
302,4.0225910091831425,0
303,25.464919741949494,0
304,16.4570781309647,1
305,1.9457197292864152,0
306,32.703071882526416,1
307,32.703071882526416,1
308,45.3160147980848,0
309,45.3160147980848,1
310,96.4648358880317,1
311,96.4648358880317,0
312,0.16204108570619238,0
313,43.092531782400144,0
314,43.092531782400144,0
315,43.092531782400144,0
316,43.092531782400144,0
317,43.092531782400144,0
318,43.092531782400144,0
319,25.502212749782927,0
320,25.502212749782927,0
321,25.502212749782927,0
322,25.502212749782927,0
323,25.502212749782927,0
324,51.812935124554556,0
325,0.9154130158252068,1
326,0.9154130158252068,0
327,14.669324540132044,0
328,14.669324540132044,1
329,38.83479101022119,0
330,38.83479101022119,0
331,5.0158625887524115,0
332,33.757173291899164,0
333,33.757173291899164,1
334,33.757173291899164,0
335,1.9019910462655722,0
336,15.248191387990078,1
337,1.077994054637874,0
338,1.077994054637874,0
339,1.077994054637874,0
340,1.077994054637874,0
341,1.077994054637874,0
342,29.108947235905635,1
343,29.108947235905635,1
344,29.108947235905635,0
345,32.475110872492735,0
346,32.475110872492735,0
347,1.3002266408458483,1
348,27.417264645588,0
349,27.417264645588,1
350,3.689298368958139,0
351,19.762476323897385,0
352,19.762476323897385,0
353,1.9750588863179563,0
354,1.9750588863179563,1
355,1.9750588863179563,0
356,1.9750588863179563,1
357,1.9750588863179563,0
358,32.41275706639857,0
359,32.41275706639857,0
360,32.41275706639857,0
361,45.76215250278103,0
362,45.76215250278103,0
363,45.76215250278103,1
364,45.76215250278103,0
365,10.078475389020465,1
366,4.130462389346606,0
367,4.130462389346606,0
368,4.130462389346606,0
369,25.981953726101487,0
370,25.981953726101487,0
371,25.981953726101487,0
372,25.981953726101487,0
373,25.981953726101487,0
374,24.003727045492344,0
375,0.3914490818869823,0
376,1.6436602066286092,1
377,5.290241386630726,0
378,53.87976559718655,0
379,53.87976559718655,0
380,53.87976559718655,0
381,53.87976559718655,0
382,0.2874021965083169,1
383,0.2874021965083169,0
384,0.2874021965083169,1
385,0.2874021965083169,0
386,0.2874021965083169,1
387,2.03113010134274,0
388,2.03113010134274,1
389,45.631767135708955,0
390,62.38423904921808,0
391,62.38423904921808,1
392,62.38423904921808,0
393,70.8187393602838,0
394,70.8187393602838,0
395,1.5027332938878166,0
396,1.5027332938878166,0
397,85.46645547770018,1
398,85.46645547770018,1
399,85.46645547770018,0
400,3.7467719986304537,0
401,2.409708653450608,1
402,155.45206512385104,0
403,155.45206512385104,0
404,155.45206512385104,0
405,2.1156230921168726,0
406,2.338917591516191,0
407,2.338917591516191,0
408,2.338917591516191,0
409,2.338917591516191,1
410,2.338917591516191,0
411,2.338917591516191,1
412,1.3469325423191505,0
413,1.3469325423191505,0
414,1.3469325423191505,0
415,29.24472250209053,0
416,29.24472250209053,0
417,29.24472250209053,1
418,29.24472250209053,0
419,4.1733857864611945,0
420,4.1733857864611945,0
421,4.1733857864611945,0
422,4.1733857864611945,0
423,4.1733857864611945,1
424,4.1733857864611945,0
425,4.1733857864611945,0
426,4.1733857864611945,0
427,4.1733857864611945,0
428,5.983162445026956,0
429,33.93277890104712,1
430,34.393901363687156,0
431,60.78559376222345,0
432,67.61217982616594,1
433,54.05574838122615,1
434,1.727533233260848,0
435,1.727533233260848,0
436,1.727533233260848,0
437,1.727533233260848,0
438,1.727533233260848,0
439,103.10378823495986,0
440,22.306717379454504,1
441,1.5404985231402741,1
442,1.5404985231402741,1
443,1.5404985231402741,0
444,1.5404985231402741,1
445,1.5404985231402741,0
446,1.5404985231402741,0
447,35.63185096744711,0
448,35.63185096744711,0
449,35.63185096744711,0
450,0.6356771208057782,0
451,0.6356771208057782,0
452,0.6356771208057782,0
453,0.6356771208057782,0
454,0.6356771208057782,0
455,1.1346601606176758,0
456,1.1346601606176758,0
457,2.656264373452355,1
458,2.656264373452355,1
459,2.656264373452355,0
460,61.53140207396485,0
461,61.53140207396485,0
462,61.53140207396485,0
463,61.53140207396485,0
464,61.53140207396485,0
465,14.110396616675533,1
466,14.110396616675533,0
467,14.110396616675533,1
468,1.7602865502970308,0
469,1.7602865502970308,1
470,1.7602865502970308,0
471,1.7602865502970308,0
472,81.80187693332016,0
473,28.710861586106613,1
474,28.710861586106613,0
475,81.62884562366585,0
476,81.62884562366585,0
477,1.7715945235718709,1
478,1.7715945235718709,0
479,11.683738963589853,1
480,11.683738963589853,0
481,11.683738963589853,1
482,11.683738963589853,0
483,11.683738963589853,0
484,3.328778954919442,0
485,3.328778954919442,0
486,8.772098643486187,0
487,10.957645588540224,1
488,117.5244224301781,1
489,117.5244224301781,1
490,117.5244224301781,0
491,32.714049048783124,0
492,3.6214048165663493,0
493,3.6214048165663493,0
494,3.6214048165663493,0
495,43.36368387022526,0
496,43.36368387022526,0
497,1.0086234957568243,0
498,1.0086234957568243,0
499,1.0086234957568243,0
500,7.106230453498302,0
501,7.106230453498302,0
502,7.106230453498302,1
503,67.12106588092085,0
504,3.378504389835268,0
505,3.378504389835268,0
506,9.643789277561254,0
507,9.643789277561254,0
508,6.594240001625816,0
509,17.49785476242247,0
510,17.49785476242247,1
511,164.71511847037422,0
512,164.71511847037422,0
513,64.3362014333394,0
514,64.3362014333394,0
515,16.000555071678335,0
516,16.000555071678335,0
517,16.000555071678335,0
518,3.2623046559541287,0
519,20.22836199115036,0
520,20.22836199115036,0
521,20.22836199115036,0
522,5.299731849108349,0
523,5.299731849108349,0
524,27.52031470294538,1
525,27.52031470294538,0
526,1.6781588906444416,0
527,1.6781588906444416,0
528,1.4601072021601857,0
529,1.4601072021601857,0
530,1.4601072021601857,1
531,1.4601072021601857,0
532,1.4601072021601857,0
533,1.4601072021601857,0
534,1.4601072021601857,0
535,1.2921165143699336,0
536,1.2921165143699336,0
537,68.70292613448292,1
538,68.70292613448292,1
539,6.1442944611734935,0
540,1.9454247213534657,0
541,1.9454247213534657,1
542,22.83065286891353,0
543,22.83065286891353,0
544,22.83065286891353,1
545,22.83065286891353,0
546,27.903452712263867,0
547,27.903452712263867,0
548,2.27889147194001,0
549,2.27889147194001,1
550,2.27889147194001,0
551,2.27889147194001,1
552,57.608623205867666,0
553,11.534591075752418,0
554,11.534591075752418,0
555,40.443368100624106,0
556,40.443368100624106,0
557,40.443368100624106,0
558,8.066281900015591,0
559,1.1801314898814719,0
560,1.1801314898814719,0
561,29.07160391833291,0
562,29.07160391833291,1
563,29.07160391833291,0
564,2.9115731860215344,1
565,2.9115731860215344,0
566,2.44723061654712,1
567,2.44723061654712,0
568,2.44723061654712,0
569,31.370313233360662,0
570,31.370313233360662,1
571,31.370313233360662,1
572,23.357821734287143,0
573,41.30007906257235,1
574,41.30007906257235,0
575,30.74726870457752,0
576,1.3699879491409137,0
577,1.3699879491409137,0
578,1.3699879491409137,1
579,3.8000949385959,0
580,196.74613894667328,1
581,25.49434459499525,0
582,25.49434459499525,0
583,3.485705945738842,1
584,3.7927260764291684,1
585,3.7927260764291684,1
586,1.5690677707357326,0
587,1.5690677707357326,0
588,1.5690677707357326,0
589,1.5690677707357326,0
590,1.5690677707357326,0
591,35.94112456803679,0
592,18.44113417632734,0
593,18.44113417632734,0
594,18.44113417632734,1
595,18.44113417632734,0
596,156.8033794240996,1
597,156.8033794240996,0
598,156.8033794240996,0
599,44.46281567206114,0
600,44.46281567206114,0
601,44.46281567206114,1
602,44.46281567206114,0
603,27.89833126860518,0
604,37.82755274041855,1
605,37.82755274041855,0
606,37.82755274041855,0
607,37.82755274041855,0
608,1.9203658268280075,1
609,1.9203658268280075,0
610,1.9203658268280075,0
611,0.8219651447055523,0
612,1.0735439723956444,0
613,1.0735439723956444,0
614,16.57686338660647,0
615,16.57686338660647,0
616,16.57686338660647,0
617,16.57686338660647,1
618,16.57686338660647,0
619,16.57686338660647,0
620,16.57686338660647,0
621,52.37998703226782,0
622,52.37998703226782,0
623,131.3642133275915,0
624,131.3642133275915,0
625,131.3642133275915,0
626,131.3642133275915,0
627,26.591284706105917,0
628,83.17687477503584,1
629,83.17687477503584,1
630,35.84188716837392,0
631,35.84188716837392,1
632,35.84188716837392,0
633,1.3826413038292154,0
634,1.3826413038292154,0
635,1.3826413038292154,0
636,1.3826413038292154,1
637,1.8930638838382041,0
638,1.8930638838382041,0
639,21.365486804827736,0
640,21.365486804827736,0
641,3.114808495543982,0
642,3.2622765700494765,0
643,3.2622765700494765,0
644,3.2622765700494765,1
645,3.2622765700494765,1
646,3.2622765700494765,1
647,3.2622765700494765,0
648,3.2622765700494765,0
649,3.2622765700494765,1
650,3.2622765700494765,0
651,85.90274671196987,0
652,85.90274671196987,0
653,40.295731402174816,0
654,2.5798585950294353,0
655,2.5798585950294353,1
656,2.5798585950294353,0
657,2.5798585950294353,0
658,12.47714584380099,1
659,12.47714584380099,0
660,12.47714584380099,0
661,12.47714584380099,0
662,85.4316175111395,1
663,85.4316175111395,1
664,85.4316175111395,0
665,85.4316175111395,0
666,30.607028948734115,0
667,116.17211390527747,1
668,10.45504122720418,0
669,10.45504122720418,0
670,3.940974724592218,0
671,33.336004008157914,0
672,101.26217856713173,0
673,46.28804452658212,0
674,46.28804452658212,0
675,3.3158866673605925,1
676,8.636136340691607,0
677,8.636136340691607,0
678,1.6909916530053124,0
679,1.8227422916490188,0
680,1.8227422916490188,0
681,1.8227422916490188,0
682,47.7484620838552,0
683,29.030196507859362,0
684,29.030196507859362,0
685,29.030196507859362,0
686,29.030196507859362,0
687,7.354955905773059,0
688,3.076030076079799,0
689,20.868470284349034,0
690,20.868470284349034,0
691,20.868470284349034,0
692,23.932203659327286,0
693,23.932203659327286,0
694,23.932203659327286,0
695,12.532055238728091,1
696,36.26235125476849,1
697,45.53235070094645,0
698,45.53235070094645,0
699,29.49971903341274,0
700,29.49971903341274,0
701,29.49971903341274,0
702,0.365345849974315,0
703,0.365345849974315,1
704,33.34657312261835,0
705,94.87672704408406,1
706,94.87672704408406,1
707,19.163847009917156,1
708,0.5221944005702244,0
709,0.5221944005702244,1
710,88.08135208551097,0
711,88.08135208551097,0
712,81.01545248093404,1
713,81.01545248093404,0
714,81.01545248093404,0
715,81.01545248093404,0
716,9.487374599371698,0
717,2.777553331324304,0
718,52.941278675451244,0
719,52.941278675451244,1
720,36.914811030868925,1
721,36.914811030868925,0
722,19.678268983922994,0
723,19.678268983922994,0
724,19.678268983922994,0
725,39.85443402207369,1
726,39.85443402207369,1
727,39.85443402207369,1
728,17.723929336926865,0
729,17.723929336926865,0
730,1.5730253013003528,1
731,1.5730253013003528,0
732,9.763341598749419,0
733,9.763341598749419,0
734,9.763341598749419,1
735,16.35258541090935,0
736,16.35258541090935,0
737,16.35258541090935,0
738,16.35258541090935,0
739,16.35258541090935,0
740,16.35258541090935,0
741,16.35258541090935,0
742,12.873893345407616,1
743,2.9752115451733316,0
744,2.9752115451733316,0
745,39.43514771868893,1
746,39.43514771868893,1
747,39.43514771868893,0
748,39.43514771868893,1
749,51.21105658671711,0
750,2.9293660817037614,0
751,2.9293660817037614,0
752,2.9293660817037614,1
753,2.9293660817037614,0
754,1.1615580823478342,1
755,1.1615580823478342,0
756,1.1615580823478342,0
757,1.1615580823478342,0
758,22.899401781753067,0
759,22.899401781753067,0
760,22.899401781753067,0
761,22.899401781753067,1
762,1.2160820231231044,1
763,1.2160820231231044,0
764,1.2160820231231044,0
765,1.2160820231231044,0
766,36.84399518280922,1
767,36.84399518280922,1
768,1.6405027570957036,0
769,1.6405027570957036,0
770,0.8893694742424418,0
771,11.11270864919147,0
772,11.11270864919147,0
773,11.11270864919147,0
774,7.8370963616594365,0
775,7.8370963616594365,0
776,46.8255777984132,0
777,46.8255777984132,0
778,46.8255777984132,0
779,46.8255777984132,0
780,59.996497408911836,0
781,59.996497408911836,0
782,59.996497408911836,0
783,59.996497408911836,0
784,59.996497408911836,0
785,31.760941700864024,0
786,2.2701392611119755,1
787,23.806918956816766,1
788,34.96758178962928,0
789,34.96758178962928,0
790,34.96758178962928,0
791,34.96758178962928,0
792,34.96758178962928,0
793,34.96758178962928,0
794,34.96758178962928,1
795,34.96758178962928,1
796,34.96758178962928,0
797,1.416671290576984,0
798,2.085856052933102,0
799,2.085856052933102,0
800,1.8327040622209962,0
801,1.8327040622209962,0
802,1.8327040622209962,0
803,1.8327040622209962,0
804,41.884121615114736,1
805,41.884121615114736,0
806,41.884121615114736,0
807,41.884121615114736,0
808,41.884121615114736,0
809,41.884121615114736,0
810,4.249396450688154,0
811,4.249396450688154,1
812,4.249396450688154,1
813,28.793320918971013,0
814,0.7939367146635042,0
815,3.562099087619769,1
816,3.562099087619769,0
817,3.562099087619769,0
818,5.810295697218286,0
819,2.0647618937231953,0
820,2.0647618937231953,0
821,12.59162978552774,0
822,12.59162978552774,0
823,62.837737439396705,0
824,73.06399565362157,0
825,73.06399565362157,0
826,73.06399565362157,0
827,73.06399565362157,0
828,0.7940262338782168,0
829,1.5221558704324716,0
830,74.55506253562278,0
831,74.55506253562278,1
832,74.55506253562278,1
833,74.55506253562278,0
834,74.55506253562278,1
835,13.063240050088863,1
836,35.375515557059934,0
837,35.375515557059934,0
838,35.375515557059934,0
839,35.375515557059934,0
840,35.375515557059934,0
841,3.2441778545863293,0
842,18.8779008358386,0
843,18.8779008358386,1
844,0.3780213531952649,0
845,45.795093587397275,0
846,45.795093587397275,0
847,45.795093587397275,0
848,45.795093587397275,0
849,4.015946278304369,1
850,0.6948914373868669,0
851,17.158480916227262,1
852,17.158480916227262,0
853,17.158480916227262,1
854,17.158480916227262,0
855,45.397989620274394,0
856,45.397989620274394,0
857,45.397989620274394,0
858,45.397989620274394,0
859,50.30926750380642,1
860,50.30926750380642,1
861,4.946173658933328,0
862,4.946173658933328,0
863,4.946173658933328,0
864,0.23777744407196472,1
865,0.23777744407196472,0
866,0.23777744407196472,0
867,0.23777744407196472,1
868,0.23777744407196472,1
869,1.047395116279737,0
870,1.047395116279737,0
871,1.047395116279737,0
872,1.047395116279737,0
873,4.028550338353261,0
874,28.000237627342624,1
875,28.000237627342624,1
876,28.000237627342624,0
877,23.963419961293887,0
878,23.963419961293887,0
879,23.963419961293887,1
880,18.20390109984807,0
881,18.20390109984807,1
882,18.20390109984807,0
883,3.0503080534686906,1
884,3.0503080534686906,0
885,3.0503080534686906,0
886,3.0503080534686906,0
887,3.0503080534686906,0
888,3.0503080534686906,0
889,14.468068858026784,0
890,14.468068858026784,0
891,14.468068858026784,0
892,14.468068858026784,0
893,144.5494547098821,0
894,144.5494547098821,0
895,1.7560987632841436,1
896,1.7560987632841436,0
897,1.7560987632841436,0
898,1.7560987632841436,0
899,18.529726879916453,1
900,18.529726879916453,0
901,18.529726879916453,1
902,18.529726879916453,1
903,54.14285172525061,0
904,54.14285172525061,0
905,54.14285172525061,1
906,0.9200430652128716,1
907,0.9200430652128716,0
908,14.548068177198815,0
909,2.674231095276297,1
910,2.674231095276297,0
911,2.674231095276297,0
912,2.674231095276297,0
913,3.601401104623315,1
914,3.601401104623315,1
915,3.601401104623315,1
916,3.601401104623315,1
917,3.601401104623315,1
918,3.601401104623315,1
919,2.8633267827857836,0
920,3.4461682717668523,0
921,3.4461682717668523,0
922,53.23091945650315,0
923,78.20485146688519,0
924,0.44200868063821924,0
925,2.9713333894542293,1
926,22.267569771158904,0
927,70.7686852543247,1
928,70.7686852543247,1
929,4.152099433581124,0
930,47.79127948222632,0
931,47.79127948222632,0
932,47.79127948222632,0
933,47.79127948222632,0
934,21.35084775310544,0
935,52.78588511308017,1
936,19.4583201555725,0
937,19.4583201555725,0
938,39.18322022032811,0
939,38.137932306362366,0
940,38.137932306362366,0
941,38.137932306362366,1
942,42.89987543611047,0
943,28.610122126975856,1
944,28.610122126975856,0
945,5.521016456852208,1
946,2.113247597196525,0
947,2.113247597196525,0
948,2.113247597196525,0
949,27.97581452661822,0
950,27.97581452661822,0
951,27.97581452661822,0
952,27.97581452661822,0
953,27.97581452661822,0
954,0.9171489060612799,0
955,1.0310840177919012,1
956,1.0310840177919012,1
957,63.244601276540365,0
958,9.781103622505984,0
959,9.781103622505984,0
960,9.781103622505984,0
961,9.781103622505984,0
962,0.8216990424519097,0
963,0.8216990424519097,1
964,0.8216990424519097,0
965,0.8216990424519097,1
966,0.8216990424519097,0
967,29.35461851652167,0
968,87.38105951639292,1
969,42.67337088013276,0
970,42.67337088013276,0
971,42.67337088013276,0
972,0.9316590979694906,0
973,0.9316590979694906,0
974,8.935391092563911,0
975,75.80846080777494,0
976,55.02229834810943,0
977,55.02229834810943,0
978,55.02229834810943,1
979,18.800725833411207,0
980,18.800725833411207,0
981,18.800725833411207,0
982,24.101533570474356,1
983,24.101533570474356,0
984,24.101533570474356,0
985,24.101533570474356,0
986,38.26577385912565,0
987,70.47332420184962,0
988,70.47332420184962,0
989,2.481957659566659,0
990,10.228003414450358,0
991,10.228003414450358,1
992,10.228003414450358,1
993,10.228003414450358,0
994,0.6630858086166929,1
995,0.6630858086166929,0
996,0.6630858086166929,0
997,0.6630858086166929,1
998,0.6630858086166929,0
999,0.6630858086166929,1
1000,4.360064187847528,0
1001,4.360064187847528,0
1002,4.360064187847528,1
1003,4.360064187847528,0
1004,4.360064187847528,1
1005,4.360064187847528,1
1006,4.360064187847528,0
1007,4.360064187847528,0
1008,1.0410913649589146,0
1009,0.4612866688373948,0
1010,0.4612866688373948,0
1011,0.4612866688373948,1
1012,29.535625230724882,0
1013,29.535625230724882,0
1014,29.535625230724882,0
1015,34.51707147681823,1
1016,34.51707147681823,0
1017,34.51707147681823,0
1018,4.96013307965161,0
1019,43.40795172728054,0
1020,5.34807844030713,0
1021,5.34807844030713,0
1022,5.34807844030713,0
1023,32.25014071011183,1
1024,32.25014071011183,1
1025,32.10339489859783,0
1026,32.10339489859783,0
1027,32.10339489859783,0
1028,48.736589923436355,0
1029,48.736589923436355,0
1030,48.736589923436355,0
1031,21.7747561673966,0
1032,21.7747561673966,1
1033,24.549503330373714,0
1034,24.549503330373714,1
1035,36.846582118517226,1
1036,36.846582118517226,1
1037,86.88532970009236,1
1038,86.88532970009236,0
1039,86.88532970009236,1
1040,86.88532970009236,0
1041,31.26832606134107,1
1042,31.26832606134107,0
1043,24.408242532099354,0
1044,0.8412328671536954,0
1045,0.9066761376051702,0
1046,41.94402675817857,0
1047,41.94402675817857,0
1048,41.03935156044912,0
1049,11.149360211882867,0
1050,11.149360211882867,0
1051,9.808430317710924,1
1052,9.808430317710924,0
1053,9.808430317710924,0
1054,9.808430317710924,1
1055,9.808430317710924,0
1056,54.14823248407589,0
1057,0.7352419569250281,1
1058,0.7352419569250281,0
1059,0.7352419569250281,0
1060,3.8753327129154584,0
1061,32.129744567751594,1
1062,32.129744567751594,1
1063,0.9988589831415394,0
1064,1.599998656268379,0
1065,1.599998656268379,0
1066,1.599998656268379,0
1067,1.599998656268379,1
1068,0.5409112593743198,0
1069,7.672127682877921,0
1070,7.672127682877921,0
1071,7.672127682877921,0
1072,2.0941672130074918,0
1073,23.590070914279753,0
1074,23.590070914279753,0
1075,23.590070914279753,0
1076,90.90841694820115,0
1077,90.90841694820115,0
1078,14.1962597012811,0
1079,10.319982749305181,0
1080,104.26237111046792,0
1081,104.26237111046792,1
1082,104.26237111046792,0
1083,84.18087622693274,1
1084,84.18087622693274,1
1085,84.18087622693274,1
1086,20.937267935009647,0
1087,1.0573918830143467,0
1088,1.0573918830143467,0
1089,1.0573918830143467,0
1090,1.0573918830143467,0
1091,82.91093625432752,0
1092,5.172102374225271,0
1093,5.172102374225271,0
1094,5.172102374225271,0
1095,0.39002452194980586,1
1096,0.39002452194980586,0
1097,0.39002452194980586,0
1098,0.39002452194980586,0
1099,0.39002452194980586,1
1100,0.39002452194980586,0
1101,0.39002452194980586,1
1102,0.39002452194980586,1
1103,0.39002452194980586,1
1104,0.39002452194980586,1
1105,1.252704203311613,0
1106,2.62512604430978,0
1107,2.62512604430978,0
1108,43.52162383275303,0
1109,21.725711714786605,0
1110,21.725711714786605,0
1111,7.330801254047865,0
1112,51.44414190616833,0
1113,51.44414190616833,0
1114,14.922498432109172,0
1115,14.922498432109172,0
1116,23.897774891215555,0
1117,23.897774891215555,0
1118,23.897774891215555,1
1119,23.897774891215555,0
1120,13.554434763612745,0
1121,13.554434763612745,0
1122,13.554434763612745,1
1123,13.554434763612745,0
1124,69.32361768627295,0
1125,69.32361768627295,1
1126,69.32361768627295,0
1127,1.8741456933948226,0
1128,9.492315730520595,0
1129,84.26211368994993,1
1130,84.26211368994993,1
1131,84.26211368994993,1
1132,84.26211368994993,1
1133,84.26211368994993,0
1134,2.2554826384743154,1
1135,2.2554826384743154,0
1136,2.2554826384743154,0
1137,2.2554826384743154,1
1138,35.22320134516929,0
1139,35.22320134516929,0
1140,35.22320134516929,0
1141,28.307600686385467,0
1142,28.307600686385467,0
1143,65.50400666446812,0
1144,81.99961056887841,1
1145,81.99961056887841,1
1146,81.99961056887841,1
1147,1.3162222646848805,0
1148,3.161531580506141,0
1149,18.120794761896263,0
1150,61.612956070290146,0
1151,61.612956070290146,1
1152,2.8362778324842792,0
1153,2.8362778324842792,0
1154,2.8362778324842792,0
1155,32.01776196803313,0
1156,32.01776196803313,0
1157,32.01776196803313,0
1158,66.06458874200761,0
1159,66.06458874200761,1
1160,66.06458874200761,0
1161,66.06458874200761,0
1162,66.06458874200761,0
1163,47.11189692332126,1
1164,1.990140327950446,0
1165,26.86837824145547,0
1166,26.86837824145547,0
1167,26.86837824145547,0
1168,26.86837824145547,0
1169,56.75246384927848,0
1170,56.75246384927848,1
1171,0.3956093331952072,1
1172,80.19007689739857,0
1173,2.9446586343690124,0
1174,2.9446586343690124,1
1175,0.43307772097117253,0
1176,0.43307772097117253,0
1177,16.896253680525703,0
1178,22.43938157221363,0
1179,1.4540998064124586,0
1180,1.3493352580324982,0
1181,1.3493352580324982,0
1182,1.3493352580324982,0
1183,1.3493352580324982,1
1184,69.79262441419931,0
1185,47.8161851777188,0
1186,47.8161851777188,0
1187,0.42572071765203434,0
1188,0.42572071765203434,0
1189,30.51841336276217,1
1190,30.51841336276217,0
1191,4.536715465628468,0
1192,4.536715465628468,0
1193,4.536715465628468,0
1194,4.536715465628468,0
1195,4.536715465628468,0
1196,4.536715465628468,0
1197,22.38271658778042,1
1198,22.38271658778042,0
1199,22.38271658778042,0
1200,22.38271658778042,0
1201,61.996466708545654,1
1202,61.996466708545654,0
1203,49.04805532904815,0
1204,49.04805532904815,0
1205,49.04805532904815,0
1206,23.562428249457053,0
1207,23.562428249457053,0
1208,23.562428249457053,0
1209,23.562428249457053,1
1210,7.774330969843689,0
1211,7.774330969843689,0
1212,35.497206195499544,0
1213,35.497206195499544,0
1214,35.497206195499544,0
1215,35.497206195499544,0
1216,35.497206195499544,0
1217,28.051911685227033,1
1218,28.051911685227033,1
1219,28.051911685227033,0
1220,28.051911685227033,1
1221,28.051911685227033,0
1222,41.40688717116577,0
1223,41.40688717116577,1
1224,41.40688717116577,0
1225,12.815252478849752,1
1226,106.33795414729813,1
1227,2.713230026661738,0
1228,2.713230026661738,1
1229,2.713230026661738,0
1230,2.713230026661738,0
1231,2.713230026661738,0
1232,31.969687764731336,1
1233,31.969687764731336,1
1234,31.969687764731336,1
1235,31.969687764731336,0
1236,31.969687764731336,1
1237,31.969687764731336,1
1238,13.099203420255401,0
1239,13.099203420255401,1
1240,42.745549916662426,0
1241,44.658151773427875,0
1242,4.816589066079462,0
1243,74.70415333024634,0
1244,1.344393957685655,0
1245,1.344393957685655,0
1246,1.344393957685655,0
1247,0.14898002463444202,1
1248,0.14898002463444202,1
1249,0.14898002463444202,0
1250,0.14898002463444202,1
1251,0.14898002463444202,1
1252,0.14898002463444202,0
1253,23.677053666844945,0
1254,45.09951098713228,0
1255,15.03585527016665,0
1256,15.03585527016665,0
1257,15.03585527016665,0
1258,15.03585527016665,0
1259,15.03585527016665,0
1260,15.03585527016665,0
1261,3.136298338189383,0
1262,3.136298338189383,0
1263,3.136298338189383,0
1264,1.615677908116758,1
1265,19.676945148435816,0
1266,1.432328919467641,0
1267,0.9642188602328708,0
